Actual BF16 autocast: True
======================================================================
CYCLEGAN TRAINING RUN
Run ID: viraat_resizeconv6_run001
Mode: full
Device: cuda:0
GPU: NVIDIA GeForce RTX 4090
Config SHA256: 7f864f63aa4e7221c63625fd6b5e7de50c9819fb419bf176b8ce923ed7311aa5
Domain A images: 300
Domain B images: 7038
Trainable parameters: 21204872
Epoch range: 1 -> 60
Starting global step: 0
======================================================================
epoch=1 step=100 G=7.1315 D_A=0.2628 D_B=0.2619
epoch=1 step=200 G=8.5048 D_A=0.2920 D_B=0.2579
epoch=1 step=300 G=5.7509 D_A=0.1918 D_B=0.2850
epoch=1 step=400 G=6.0437 D_A=0.1649 D_B=0.3016
epoch=1 step=500 G=8.7504 D_A=0.3485 D_B=0.2432
epoch=1 step=600 G=6.7256 D_A=0.2202 D_B=0.2000
epoch=1 step=700 G=5.8964 D_A=0.1484 D_B=0.2663
epoch=1 step=800 G=7.7670 D_A=0.2247 D_B=0.2950
epoch=1 step=900 G=9.6858 D_A=0.1571 D_B=0.3327
epoch=1 step=1000 G=6.3685 D_A=0.4453 D_B=0.3156
epoch=1 step=1100 G=6.6569 D_A=0.2895 D_B=0.1947
epoch=1 step=1200 G=6.7575 D_A=0.1198 D_B=0.1879
epoch=1 step=1300 G=5.9660 D_A=0.2463 D_B=0.3345
epoch=1 step=1400 G=4.8046 D_A=0.1442 D_B=0.2692
epoch=1 step=1500 G=5.5264 D_A=0.2222 D_B=0.1114
epoch=1 step=1600 G=5.6149 D_A=0.1709 D_B=0.7724
epoch=1 step=1700 G=7.7367 D_A=0.1140 D_B=0.0815
epoch=1 step=1800 G=5.5575 D_A=0.1169 D_B=0.2205
epoch=1 step=1900 G=7.7985 D_A=0.3500 D_B=0.2770
epoch=1 step=2000 G=5.2493 D_A=0.2771 D_B=0.1601
epoch=1 step=2100 G=10.5701 D_A=0.1220 D_B=0.1132
epoch=1 step=2200 G=6.0016 D_A=0.2563 D_B=0.2624
epoch=1 step=2300 G=6.8677 D_A=0.1191 D_B=0.0799
epoch=1 step=2400 G=6.9956 D_A=0.2057 D_B=0.1356
epoch=1 step=2500 G=5.7388 D_A=0.1328 D_B=0.0876
epoch=1 step=2600 G=6.3281 D_A=0.2057 D_B=0.1926
epoch=1 step=2700 G=6.1938 D_A=0.3968 D_B=0.2857
epoch=1 step=2800 G=5.4771 D_A=0.1051 D_B=0.1462
epoch=1 step=2900 G=5.2326 D_A=0.2321 D_B=0.1737
epoch=1 step=3000 G=6.2207 D_A=0.1811 D_B=0.2176
epoch=1 step=3100 G=7.1256 D_A=0.2386 D_B=0.0998
epoch=1 step=3200 G=5.8066 D_A=0.3902 D_B=0.1958
epoch=1 step=3300 G=5.3445 D_A=0.1703 D_B=0.1216
epoch=1 step=3400 G=5.5814 D_A=0.2777 D_B=0.1438
epoch=1 step=3500 G=6.1657 D_A=0.1998 D_B=0.2336
EPOCH 1/60 DONE: 313.7s lr=0.00020000 images/sec=44.86
epoch=2 step=3600 G=5.1562 D_A=0.0767 D_B=0.1475
epoch=2 step=3700 G=4.4649 D_A=0.1045 D_B=0.1458
epoch=2 step=3800 G=7.1680 D_A=0.1028 D_B=0.1463
epoch=2 step=3900 G=6.2134 D_A=0.1104 D_B=0.0467
epoch=2 step=4000 G=5.4914 D_A=0.2979 D_B=0.0823
epoch=2 step=4100 G=5.7737 D_A=0.1836 D_B=0.1023
epoch=2 step=4200 G=6.3237 D_A=0.1279 D_B=0.1774
epoch=2 step=4300 G=5.4153 D_A=0.1868 D_B=0.1928
epoch=2 step=4400 G=4.6172 D_A=0.2161 D_B=0.1854
epoch=2 step=4500 G=6.1518 D_A=0.0931 D_B=0.2622
epoch=2 step=4600 G=5.1953 D_A=0.1970 D_B=0.2602
epoch=2 step=4700 G=5.3550 D_A=0.1102 D_B=0.2808
epoch=2 step=4800 G=6.9503 D_A=0.0839 D_B=0.1845
epoch=2 step=4900 G=4.5106 D_A=0.1758 D_B=0.3262
epoch=2 step=5000 G=6.2520 D_A=0.1017 D_B=0.1066
epoch=2 step=5100 G=5.4487 D_A=0.1355 D_B=0.1883
epoch=2 step=5200 G=6.6439 D_A=0.3916 D_B=0.1451
epoch=2 step=5300 G=5.0272 D_A=0.1069 D_B=0.2236
epoch=2 step=5400 G=4.1981 D_A=0.1822 D_B=0.1723
epoch=2 step=5500 G=6.1825 D_A=0.1853 D_B=0.1290
epoch=2 step=5600 G=4.7430 D_A=0.1484 D_B=0.2166
epoch=2 step=5700 G=5.6108 D_A=0.2346 D_B=0.3694
epoch=2 step=5800 G=7.3100 D_A=0.1188 D_B=0.2065
epoch=2 step=5900 G=6.5402 D_A=0.1227 D_B=0.1402
epoch=2 step=6000 G=5.2962 D_A=0.1339 D_B=0.2307
epoch=2 step=6100 G=5.7614 D_A=0.1404 D_B=0.2345
epoch=2 step=6200 G=4.8169 D_A=0.2527 D_B=0.2612
epoch=2 step=6300 G=4.9853 D_A=0.2306 D_B=0.2020
epoch=2 step=6400 G=4.2048 D_A=0.3203 D_B=0.0906
epoch=2 step=6500 G=5.7797 D_A=0.1873 D_B=0.0974
epoch=2 step=6600 G=7.0267 D_A=0.1284 D_B=0.1074
epoch=2 step=6700 G=5.1951 D_A=0.2813 D_B=0.2419
epoch=2 step=6800 G=5.2290 D_A=0.2255 D_B=0.2160
epoch=2 step=6900 G=5.1388 D_A=0.2185 D_B=0.2721
epoch=2 step=7000 G=7.0491 D_A=0.0980 D_B=0.1232
EPOCH 2/60 DONE: 310.4s lr=0.00020000 images/sec=45.35
epoch=3 step=7100 G=6.0634 D_A=0.1422 D_B=0.3713
epoch=3 step=7200 G=4.4165 D_A=0.3675 D_B=0.2624
epoch=3 step=7300 G=4.7604 D_A=0.1634 D_B=0.1765
epoch=3 step=7400 G=4.6818 D_A=0.1415 D_B=0.0993
epoch=3 step=7500 G=7.8243 D_A=0.1119 D_B=0.0740
epoch=3 step=7600 G=4.6731 D_A=0.2857 D_B=0.1106
epoch=3 step=7700 G=4.4772 D_A=0.1950 D_B=0.1386
epoch=3 step=7800 G=4.3579 D_A=0.4348 D_B=0.2096
epoch=3 step=7900 G=4.4581 D_A=0.1837 D_B=0.2664
epoch=3 step=8000 G=4.1785 D_A=0.4414 D_B=0.4695
epoch=3 step=8100 G=5.0795 D_A=0.1301 D_B=0.1197
epoch=3 step=8200 G=5.1187 D_A=0.0883 D_B=0.0952
epoch=3 step=8300 G=4.3755 D_A=0.2831 D_B=0.1721
epoch=3 step=8400 G=4.4881 D_A=0.3195 D_B=0.3209
epoch=3 step=8500 G=4.6604 D_A=0.3688 D_B=0.0595
epoch=3 step=8600 G=5.5778 D_A=0.2062 D_B=0.2288
epoch=3 step=8700 G=4.8295 D_A=0.1560 D_B=0.1244
epoch=3 step=8800 G=4.3296 D_A=0.1224 D_B=0.3041
epoch=3 step=8900 G=4.4422 D_A=0.1675 D_B=0.1392
epoch=3 step=9000 G=4.9192 D_A=0.1210 D_B=0.2443
epoch=3 step=9100 G=6.3938 D_A=0.1078 D_B=0.1489
epoch=3 step=9200 G=3.9480 D_A=0.1729 D_B=0.3598
epoch=3 step=9300 G=3.6393 D_A=0.1731 D_B=0.0864
epoch=3 step=9400 G=5.0232 D_A=0.1394 D_B=0.1319
epoch=3 step=9500 G=4.9158 D_A=0.1567 D_B=0.1175
epoch=3 step=9600 G=6.9682 D_A=0.1093 D_B=0.1201
epoch=3 step=9700 G=4.9303 D_A=0.0769 D_B=0.1385
epoch=3 step=9800 G=4.0328 D_A=0.2111 D_B=0.2318
epoch=3 step=9900 G=4.1331 D_A=0.2225 D_B=0.1472
epoch=3 step=10000 G=5.3521 D_A=0.1183 D_B=0.2178
epoch=3 step=10100 G=4.8451 D_A=0.0832 D_B=0.1124
epoch=3 step=10200 G=4.1897 D_A=0.1969 D_B=0.1168
epoch=3 step=10300 G=5.8079 D_A=0.1777 D_B=0.1511
epoch=3 step=10400 G=4.4131 D_A=0.1413 D_B=0.1859
epoch=3 step=10500 G=4.4281 D_A=0.1794 D_B=0.2392
EPOCH 3/60 DONE: 309.0s lr=0.00020000 images/sec=45.55
epoch=4 step=10600 G=5.4090 D_A=0.2804 D_B=0.2508
epoch=4 step=10700 G=5.4875 D_A=0.0872 D_B=0.1021
epoch=4 step=10800 G=5.3816 D_A=0.3260 D_B=0.1395
epoch=4 step=10900 G=3.5493 D_A=0.2898 D_B=0.0935
epoch=4 step=11000 G=4.2760 D_A=0.1927 D_B=0.1851
epoch=4 step=11100 G=4.9377 D_A=0.1177 D_B=0.2210
epoch=4 step=11200 G=3.5676 D_A=0.1975 D_B=0.1223
epoch=4 step=11300 G=5.2533 D_A=0.1473 D_B=0.1471
epoch=4 step=11400 G=4.1362 D_A=0.2031 D_B=0.2844
epoch=4 step=11500 G=5.1999 D_A=0.1150 D_B=0.1552
epoch=4 step=11600 G=5.1882 D_A=0.1083 D_B=0.5364
epoch=4 step=11700 G=5.2906 D_A=0.1088 D_B=0.0698
epoch=4 step=11800 G=4.0898 D_A=0.1580 D_B=0.2117
epoch=4 step=11900 G=4.0359 D_A=0.2949 D_B=0.0678
epoch=4 step=12000 G=4.1519 D_A=0.0990 D_B=0.3850
epoch=4 step=12100 G=4.4701 D_A=0.2280 D_B=0.1449
epoch=4 step=12200 G=3.6666 D_A=0.2861 D_B=0.3359
epoch=4 step=12300 G=4.7448 D_A=0.1031 D_B=0.1107
epoch=4 step=12400 G=4.5905 D_A=0.1012 D_B=0.0889
epoch=4 step=12500 G=3.7821 D_A=0.0675 D_B=0.1631
epoch=4 step=12600 G=4.5939 D_A=0.1112 D_B=0.1729
epoch=4 step=12700 G=4.2394 D_A=0.1822 D_B=0.1209
epoch=4 step=12800 G=4.2211 D_A=0.2466 D_B=0.2089
epoch=4 step=12900 G=3.3560 D_A=0.2133 D_B=0.3385
epoch=4 step=13000 G=4.6714 D_A=0.1448 D_B=0.1445
epoch=4 step=13100 G=4.7158 D_A=0.1945 D_B=0.1184
epoch=4 step=13200 G=4.2073 D_A=0.1808 D_B=0.0476
epoch=4 step=13300 G=4.7887 D_A=0.1924 D_B=0.2042
epoch=4 step=13400 G=4.3337 D_A=0.1733 D_B=0.1481
epoch=4 step=13500 G=4.6363 D_A=0.1359 D_B=0.2121
epoch=4 step=13600 G=5.4836 D_A=0.1727 D_B=0.2524
epoch=4 step=13700 G=4.5605 D_A=0.0950 D_B=0.1807
epoch=4 step=13800 G=4.1824 D_A=0.3436 D_B=0.2439
epoch=4 step=13900 G=5.1626 D_A=0.2326 D_B=0.1515
epoch=4 step=14000 G=5.6588 D_A=0.1415 D_B=0.1093
EPOCH 4/60 DONE: 308.6s lr=0.00020000 images/sec=45.62
epoch=5 step=14100 G=4.8898 D_A=0.1075 D_B=0.1822
epoch=5 step=14200 G=4.0344 D_A=0.2534 D_B=0.2677
epoch=5 step=14300 G=5.2538 D_A=0.0964 D_B=0.0747
epoch=5 step=14400 G=4.8277 D_A=0.1791 D_B=0.2882
epoch=5 step=14500 G=3.5300 D_A=0.1883 D_B=0.1140
epoch=5 step=14600 G=4.0441 D_A=0.0853 D_B=0.1183
epoch=5 step=14700 G=3.7491 D_A=0.1863 D_B=0.1676
epoch=5 step=14800 G=4.9117 D_A=0.1859 D_B=0.1680
epoch=5 step=14900 G=4.3643 D_A=0.1272 D_B=0.1436
epoch=5 step=15000 G=4.4379 D_A=0.1463 D_B=0.2152
epoch=5 step=15100 G=4.4701 D_A=0.1849 D_B=0.3054
epoch=5 step=15200 G=4.4215 D_A=0.1498 D_B=0.3357
epoch=5 step=15300 G=3.2838 D_A=0.2553 D_B=0.2517
epoch=5 step=15400 G=5.0436 D_A=0.0991 D_B=0.1691
epoch=5 step=15500 G=4.7256 D_A=0.0946 D_B=0.1100
epoch=5 step=15600 G=4.1472 D_A=0.0736 D_B=0.2371
epoch=5 step=15700 G=4.4261 D_A=0.1565 D_B=0.1306
epoch=5 step=15800 G=5.2605 D_A=0.0969 D_B=0.2665
epoch=5 step=15900 G=4.6440 D_A=0.1126 D_B=0.2124
epoch=5 step=16000 G=3.6437 D_A=0.1720 D_B=0.2414
epoch=5 step=16100 G=4.5759 D_A=0.2155 D_B=0.1027
epoch=5 step=16200 G=3.8077 D_A=0.1571 D_B=0.2699
epoch=5 step=16300 G=4.2120 D_A=0.1618 D_B=0.0891
epoch=5 step=16400 G=5.1953 D_A=0.1698 D_B=0.1050
epoch=5 step=16500 G=4.2257 D_A=0.2775 D_B=0.2535
epoch=5 step=16600 G=4.0313 D_A=0.1265 D_B=0.0617
epoch=5 step=16700 G=3.8447 D_A=0.0782 D_B=0.0772
epoch=5 step=16800 G=4.3832 D_A=0.1894 D_B=0.2126
epoch=5 step=16900 G=6.0749 D_A=0.1910 D_B=0.1181
epoch=5 step=17000 G=4.5173 D_A=0.1677 D_B=0.3004
epoch=5 step=17100 G=3.5040 D_A=0.2449 D_B=0.2448
epoch=5 step=17200 G=4.8421 D_A=0.1343 D_B=0.1102
epoch=5 step=17300 G=4.1139 D_A=0.0705 D_B=0.1198
epoch=5 step=17400 G=4.3359 D_A=0.1633 D_B=0.2465
epoch=5 step=17500 G=5.1832 D_A=0.0762 D_B=0.0986
EPOCH 5/60 DONE: 309.4s lr=0.00020000 images/sec=45.49
epoch=6 step=17600 G=3.9642 D_A=0.0919 D_B=0.2015
epoch=6 step=17700 G=4.3801 D_A=0.1887 D_B=0.2329
epoch=6 step=17800 G=4.5612 D_A=0.2173 D_B=0.1962
epoch=6 step=17900 G=4.1009 D_A=0.2165 D_B=0.0911
epoch=6 step=18000 G=3.9731 D_A=0.1405 D_B=0.2065
epoch=6 step=18100 G=3.9346 D_A=0.0937 D_B=0.0603
epoch=6 step=18200 G=4.5319 D_A=0.1075 D_B=0.1708
epoch=6 step=18300 G=4.0833 D_A=0.1792 D_B=0.2388
epoch=6 step=18400 G=3.5850 D_A=0.0916 D_B=0.1076
epoch=6 step=18500 G=3.9961 D_A=0.1290 D_B=0.1445
epoch=6 step=18600 G=4.0015 D_A=0.2971 D_B=0.2626
epoch=6 step=18700 G=4.5368 D_A=0.1368 D_B=0.1774
epoch=6 step=18800 G=3.8449 D_A=0.1104 D_B=0.1130
epoch=6 step=18900 G=5.2872 D_A=0.0507 D_B=0.1081
epoch=6 step=19000 G=4.1019 D_A=0.0452 D_B=0.1379
epoch=6 step=19100 G=4.1432 D_A=0.1150 D_B=0.2080
epoch=6 step=19200 G=3.9905 D_A=0.1042 D_B=0.1215
epoch=6 step=19300 G=3.8626 D_A=0.1378 D_B=0.1654
epoch=6 step=19400 G=4.6754 D_A=0.0800 D_B=0.1410
epoch=6 step=19500 G=4.3862 D_A=0.0565 D_B=0.1146
epoch=6 step=19600 G=5.6476 D_A=0.0768 D_B=0.1360
epoch=6 step=19700 G=4.8683 D_A=0.0768 D_B=0.2240
epoch=6 step=19800 G=4.4960 D_A=0.0754 D_B=0.1776
epoch=6 step=19900 G=4.0963 D_A=0.1286 D_B=0.3954
epoch=6 step=20000 G=4.3213 D_A=0.0638 D_B=0.0964
epoch=6 step=20100 G=3.6291 D_A=0.1223 D_B=0.1629
epoch=6 step=20200 G=5.4737 D_A=0.0682 D_B=0.1770
epoch=6 step=20300 G=4.4839 D_A=0.1229 D_B=0.1154
epoch=6 step=20400 G=4.2236 D_A=0.0587 D_B=0.1561
epoch=6 step=20500 G=3.8992 D_A=0.0733 D_B=0.1088
epoch=6 step=20600 G=4.8890 D_A=0.0468 D_B=0.0835
epoch=6 step=20700 G=5.0543 D_A=0.0620 D_B=0.2765
epoch=6 step=20800 G=4.8839 D_A=0.0841 D_B=0.0673
epoch=6 step=20900 G=5.1718 D_A=0.0957 D_B=0.0833
epoch=6 step=21000 G=4.5283 D_A=0.0792 D_B=0.0985
epoch=6 step=21100 G=4.1039 D_A=0.1117 D_B=0.2114
EPOCH 6/60 DONE: 311.1s lr=0.00020000 images/sec=45.24
epoch=7 step=21200 G=3.9286 D_A=0.0829 D_B=0.3306
epoch=7 step=21300 G=4.0265 D_A=0.0504 D_B=0.0964
epoch=7 step=21400 G=3.4645 D_A=0.0938 D_B=0.1922
epoch=7 step=21500 G=4.9196 D_A=0.0929 D_B=0.1071
epoch=7 step=21600 G=4.5181 D_A=0.0804 D_B=0.1575
epoch=7 step=21700 G=3.9509 D_A=0.0991 D_B=0.2514
epoch=7 step=21800 G=4.7307 D_A=0.1093 D_B=0.2235
epoch=7 step=21900 G=3.6345 D_A=0.0703 D_B=0.2023
epoch=7 step=22000 G=4.7982 D_A=0.1054 D_B=0.1099
epoch=7 step=22100 G=3.5273 D_A=0.0795 D_B=0.1021
epoch=7 step=22200 G=3.0936 D_A=0.2157 D_B=0.1284
epoch=7 step=22300 G=4.4907 D_A=0.0593 D_B=0.1052
epoch=7 step=22400 G=4.2474 D_A=0.1495 D_B=0.1428
epoch=7 step=22500 G=4.6409 D_A=0.1083 D_B=0.2156
epoch=7 step=22600 G=4.2788 D_A=0.1034 D_B=0.1560
epoch=7 step=22700 G=3.1380 D_A=0.1074 D_B=0.0918
epoch=7 step=22800 G=4.5512 D_A=0.0860 D_B=0.1185
epoch=7 step=22900 G=4.8903 D_A=0.1499 D_B=0.1153
epoch=7 step=23000 G=4.7905 D_A=0.0647 D_B=0.2003
epoch=7 step=23100 G=4.8081 D_A=0.0391 D_B=0.1902
epoch=7 step=23200 G=3.4924 D_A=0.0376 D_B=0.1175
epoch=7 step=23300 G=4.4185 D_A=0.1151 D_B=0.1082
epoch=7 step=23400 G=6.4500 D_A=0.0331 D_B=0.4153
epoch=7 step=23500 G=4.3457 D_A=0.0730 D_B=0.1421
epoch=7 step=23600 G=4.6795 D_A=0.1314 D_B=0.0838
epoch=7 step=23700 G=4.3378 D_A=0.0376 D_B=0.1673
epoch=7 step=23800 G=5.4490 D_A=0.0638 D_B=0.1430
epoch=7 step=23900 G=5.2252 D_A=0.0286 D_B=0.1079
epoch=7 step=24000 G=5.8157 D_A=0.0743 D_B=0.1409
epoch=7 step=24100 G=4.2319 D_A=0.0577 D_B=0.0880
epoch=7 step=24200 G=4.1288 D_A=0.0774 D_B=0.0952
epoch=7 step=24300 G=4.3680 D_A=0.0682 D_B=0.0855
epoch=7 step=24400 G=3.8442 D_A=0.1417 D_B=0.1353
epoch=7 step=24500 G=5.2345 D_A=0.1381 D_B=0.1817
epoch=7 step=24600 G=3.8074 D_A=0.0486 D_B=0.1421
EPOCH 7/60 DONE: 315.7s lr=0.00020000 images/sec=44.59
epoch=8 step=24700 G=3.9726 D_A=0.0598 D_B=0.1854
epoch=8 step=24800 G=7.2564 D_A=1.0727 D_B=0.0928
epoch=8 step=24900 G=4.1100 D_A=0.2331 D_B=0.1657
epoch=8 step=25000 G=3.7088 D_A=0.2982 D_B=0.1894
epoch=8 step=25100 G=3.9188 D_A=0.2665 D_B=0.1555
epoch=8 step=25200 G=3.9483 D_A=0.2463 D_B=0.1838
epoch=8 step=25300 G=3.6645 D_A=0.1873 D_B=0.1223
epoch=8 step=25400 G=3.5302 D_A=0.1677 D_B=0.0718
epoch=8 step=25500 G=3.6432 D_A=0.1497 D_B=0.2563
epoch=8 step=25600 G=3.4588 D_A=0.1251 D_B=0.1131
epoch=8 step=25700 G=3.7892 D_A=0.1138 D_B=0.1681
epoch=8 step=25800 G=3.2129 D_A=0.2234 D_B=0.1269
epoch=8 step=25900 G=4.0484 D_A=0.1846 D_B=0.1656
epoch=8 step=26000 G=3.3584 D_A=0.1127 D_B=0.2236
epoch=8 step=26100 G=3.5436 D_A=0.1147 D_B=0.1217
epoch=8 step=26200 G=3.2903 D_A=0.0882 D_B=0.1196
epoch=8 step=26300 G=4.5657 D_A=0.1199 D_B=0.1488
epoch=8 step=26400 G=4.3281 D_A=0.0381 D_B=0.1384
epoch=8 step=26500 G=4.5127 D_A=0.0615 D_B=0.2053
epoch=8 step=26600 G=3.4296 D_A=0.1002 D_B=0.1643
epoch=8 step=26700 G=4.1680 D_A=0.0475 D_B=0.1711
epoch=8 step=26800 G=5.6083 D_A=0.1349 D_B=0.1707
epoch=8 step=26900 G=5.3664 D_A=0.0765 D_B=0.0369
epoch=8 step=27000 G=4.2742 D_A=0.0279 D_B=0.1212
epoch=8 step=27100 G=4.8745 D_A=0.0560 D_B=0.1413
epoch=8 step=27200 G=5.2262 D_A=0.0630 D_B=0.3880
epoch=8 step=27300 G=5.0723 D_A=0.1246 D_B=0.1656
epoch=8 step=27400 G=4.3774 D_A=0.0966 D_B=0.2006
epoch=8 step=27500 G=4.2320 D_A=0.0818 D_B=0.1630
epoch=8 step=27600 G=4.8341 D_A=0.0410 D_B=0.2093
epoch=8 step=27700 G=3.9548 D_A=0.0531 D_B=0.2314
epoch=8 step=27800 G=4.7350 D_A=0.1051 D_B=0.0976
epoch=8 step=27900 G=4.2081 D_A=0.0481 D_B=0.2285
epoch=8 step=28000 G=4.7173 D_A=0.0401 D_B=0.1068
epoch=8 step=28100 G=4.3323 D_A=0.0368 D_B=0.2348
EPOCH 8/60 DONE: 311.3s lr=0.00020000 images/sec=45.22
epoch=9 step=28200 G=4.5211 D_A=0.0448 D_B=0.1513
epoch=9 step=28300 G=3.9925 D_A=0.0595 D_B=0.2023
epoch=9 step=28400 G=4.4880 D_A=0.0707 D_B=0.2438
epoch=9 step=28500 G=3.3954 D_A=0.0538 D_B=0.1979
epoch=9 step=28600 G=4.3237 D_A=0.1261 D_B=0.0785
epoch=9 step=28700 G=4.7664 D_A=0.1004 D_B=0.0919
epoch=9 step=28800 G=4.6212 D_A=0.0884 D_B=0.2006
epoch=9 step=28900 G=4.0743 D_A=0.1331 D_B=0.1211
epoch=9 step=29000 G=3.1413 D_A=0.1014 D_B=0.2554
epoch=9 step=29100 G=4.8899 D_A=0.0807 D_B=0.2084
epoch=9 step=29200 G=5.0369 D_A=0.1211 D_B=0.2269
epoch=9 step=29300 G=3.9192 D_A=0.0414 D_B=0.2537
epoch=9 step=29400 G=4.7684 D_A=0.0635 D_B=0.2869
epoch=9 step=29500 G=3.5553 D_A=0.0681 D_B=0.2824
epoch=9 step=29600 G=4.2443 D_A=0.0340 D_B=0.3813
epoch=9 step=29700 G=5.0545 D_A=0.0450 D_B=0.2473
epoch=9 step=29800 G=4.8803 D_A=0.0501 D_B=0.2099
epoch=9 step=29900 G=3.6935 D_A=0.0880 D_B=0.2078
epoch=9 step=30000 G=4.4851 D_A=0.0266 D_B=0.1770
epoch=9 step=30100 G=3.8149 D_A=0.2159 D_B=0.2918
epoch=9 step=30200 G=3.5884 D_A=0.0798 D_B=0.1747
epoch=9 step=30300 G=3.8019 D_A=0.1459 D_B=0.1761
epoch=9 step=30400 G=4.2488 D_A=0.0813 D_B=0.1435
epoch=9 step=30500 G=3.7254 D_A=0.0895 D_B=0.1652
epoch=9 step=30600 G=4.0109 D_A=0.1244 D_B=0.1665
epoch=9 step=30700 G=3.7523 D_A=0.1608 D_B=0.1307
epoch=9 step=30800 G=3.5206 D_A=0.1043 D_B=0.1046
epoch=9 step=30900 G=4.3935 D_A=0.1292 D_B=0.1412
epoch=9 step=31000 G=4.8042 D_A=0.0957 D_B=0.1024
epoch=9 step=31100 G=4.0498 D_A=0.1223 D_B=0.1027
epoch=9 step=31200 G=4.0810 D_A=0.2121 D_B=0.1902
epoch=9 step=31300 G=4.2973 D_A=0.1292 D_B=0.1395
epoch=9 step=31400 G=4.3929 D_A=0.0941 D_B=0.1162
epoch=9 step=31500 G=3.0721 D_A=0.1494 D_B=0.1220
epoch=9 step=31600 G=3.9852 D_A=0.0597 D_B=0.1249
EPOCH 9/60 DONE: 309.7s lr=0.00020000 images/sec=45.46
epoch=10 step=31700 G=4.0270 D_A=0.0354 D_B=0.0859
epoch=10 step=31800 G=3.2252 D_A=0.0674 D_B=0.0897
epoch=10 step=31900 G=3.5775 D_A=0.0957 D_B=0.0606
epoch=10 step=32000 G=4.0486 D_A=0.1250 D_B=0.1912
epoch=10 step=32100 G=4.7286 D_A=0.0752 D_B=0.0937
epoch=10 step=32200 G=4.5992 D_A=0.1075 D_B=0.0628
epoch=10 step=32300 G=3.6451 D_A=0.0746 D_B=0.1898
epoch=10 step=32400 G=4.1617 D_A=0.0962 D_B=0.1226
epoch=10 step=32500 G=3.8730 D_A=0.0921 D_B=0.3037
epoch=10 step=32600 G=3.5613 D_A=0.1002 D_B=0.2030
epoch=10 step=32700 G=3.9167 D_A=0.0614 D_B=0.1516
epoch=10 step=32800 G=4.2810 D_A=0.1002 D_B=0.2066
epoch=10 step=32900 G=4.3905 D_A=0.1816 D_B=0.2464
epoch=10 step=33000 G=3.8915 D_A=0.0997 D_B=0.0720
epoch=10 step=33100 G=3.6788 D_A=0.0927 D_B=0.1689
epoch=10 step=33200 G=3.8563 D_A=0.1687 D_B=0.1861
epoch=10 step=33300 G=4.5036 D_A=0.1365 D_B=0.1388
epoch=10 step=33400 G=4.7537 D_A=0.0828 D_B=0.1100
epoch=10 step=33500 G=3.3364 D_A=0.1042 D_B=0.2587
epoch=10 step=33600 G=3.6857 D_A=0.0933 D_B=0.2687
epoch=10 step=33700 G=4.2281 D_A=0.1877 D_B=0.1800
epoch=10 step=33800 G=4.3140 D_A=0.0639 D_B=0.0708
epoch=10 step=33900 G=3.7201 D_A=0.1858 D_B=0.1735
epoch=10 step=34000 G=4.5444 D_A=0.1277 D_B=0.2891
epoch=10 step=34100 G=3.4688 D_A=0.0559 D_B=0.0932
epoch=10 step=34200 G=4.2905 D_A=0.1743 D_B=0.2039
epoch=10 step=34300 G=4.1913 D_A=0.1141 D_B=0.0750
epoch=10 step=34400 G=3.7689 D_A=0.1502 D_B=0.2473
epoch=10 step=34500 G=3.6933 D_A=0.1732 D_B=0.2149
epoch=10 step=34600 G=3.7602 D_A=0.0574 D_B=0.0509
epoch=10 step=34700 G=4.7409 D_A=0.0494 D_B=0.1010
epoch=10 step=34800 G=3.3275 D_A=0.1642 D_B=0.1307
epoch=10 step=34900 G=5.5417 D_A=0.0600 D_B=0.0689
epoch=10 step=35000 G=4.3555 D_A=0.1291 D_B=0.1420
epoch=10 step=35100 G=4.0186 D_A=0.0558 D_B=0.1105
EPOCH 10/60 DONE: 313.5s lr=0.00020000 images/sec=44.89
epoch=11 step=35200 G=3.6176 D_A=0.0370 D_B=0.1100
epoch=11 step=35300 G=3.6484 D_A=0.1997 D_B=0.2041
epoch=11 step=35400 G=3.9024 D_A=0.0602 D_B=0.1649
epoch=11 step=35500 G=3.6968 D_A=0.0628 D_B=0.1724
epoch=11 step=35600 G=3.5682 D_A=0.0641 D_B=0.1624
epoch=11 step=35700 G=3.8986 D_A=0.1402 D_B=0.0918
epoch=11 step=35800 G=4.3827 D_A=0.0742 D_B=0.0580
epoch=11 step=35900 G=3.6084 D_A=0.1523 D_B=0.2829
epoch=11 step=36000 G=3.8957 D_A=0.0745 D_B=0.1646
epoch=11 step=36100 G=3.7237 D_A=0.1412 D_B=0.1492
epoch=11 step=36200 G=3.1862 D_A=0.2063 D_B=0.2424
epoch=11 step=36300 G=3.9693 D_A=0.1537 D_B=0.1136
epoch=11 step=36400 G=3.2192 D_A=0.1455 D_B=0.1598
epoch=11 step=36500 G=4.3871 D_A=0.1650 D_B=0.2231
epoch=11 step=36600 G=3.3019 D_A=0.0797 D_B=0.1058
epoch=11 step=36700 G=4.6192 D_A=0.1012 D_B=0.0638
epoch=11 step=36800 G=3.8558 D_A=0.1367 D_B=0.1000
epoch=11 step=36900 G=3.2709 D_A=0.2590 D_B=0.1957
epoch=11 step=37000 G=4.2002 D_A=0.2333 D_B=0.1550
epoch=11 step=37100 G=3.6885 D_A=0.1498 D_B=0.0767
epoch=11 step=37200 G=3.6921 D_A=0.1892 D_B=0.1560
epoch=11 step=37300 G=4.1846 D_A=0.0881 D_B=0.1194
epoch=11 step=37400 G=3.9326 D_A=0.0732 D_B=0.0750
epoch=11 step=37500 G=3.3799 D_A=0.1069 D_B=0.1464
epoch=11 step=37600 G=4.2647 D_A=0.0423 D_B=0.1178
epoch=11 step=37700 G=4.2054 D_A=0.2683 D_B=0.1184
epoch=11 step=37800 G=3.4619 D_A=0.0897 D_B=0.0617
epoch=11 step=37900 G=4.0840 D_A=0.0714 D_B=0.1775
epoch=11 step=38000 G=4.0851 D_A=0.1325 D_B=0.1022
epoch=11 step=38100 G=4.3749 D_A=0.1091 D_B=0.0628
epoch=11 step=38200 G=3.6944 D_A=0.0996 D_B=0.1345
epoch=11 step=38300 G=3.3873 D_A=0.1881 D_B=0.1278
epoch=11 step=38400 G=3.6182 D_A=0.0863 D_B=0.0896
epoch=11 step=38500 G=4.1870 D_A=0.2207 D_B=0.1978
epoch=11 step=38600 G=3.2829 D_A=0.1090 D_B=0.0969
epoch=11 step=38700 G=3.7720 D_A=0.1626 D_B=0.0823
EPOCH 11/60 DONE: 315.4s lr=0.00020000 images/sec=44.63
epoch=12 step=38800 G=3.9734 D_A=0.0478 D_B=0.1481
epoch=12 step=38900 G=4.4005 D_A=0.1303 D_B=0.0845
epoch=12 step=39000 G=4.2400 D_A=0.1052 D_B=0.0742
epoch=12 step=39100 G=4.7289 D_A=0.0921 D_B=0.0647
epoch=12 step=39200 G=3.5981 D_A=0.1070 D_B=0.1048
epoch=12 step=39300 G=3.9150 D_A=0.0877 D_B=0.0678
epoch=12 step=39400 G=3.4951 D_A=0.1102 D_B=0.1255
epoch=12 step=39500 G=3.4994 D_A=0.0708 D_B=0.1940
epoch=12 step=39600 G=5.3474 D_A=0.1863 D_B=0.1316
epoch=12 step=39700 G=4.3601 D_A=0.0895 D_B=0.2099
epoch=12 step=39800 G=3.7894 D_A=0.1114 D_B=0.0844
epoch=12 step=39900 G=3.0067 D_A=0.1095 D_B=0.1184
epoch=12 step=40000 G=3.1696 D_A=0.1253 D_B=0.1166
epoch=12 step=40100 G=4.0062 D_A=0.0727 D_B=0.0741
epoch=12 step=40200 G=5.3009 D_A=0.1121 D_B=0.1200
epoch=12 step=40300 G=4.1585 D_A=0.1437 D_B=0.1772
epoch=12 step=40400 G=4.1725 D_A=0.1409 D_B=0.0683
epoch=12 step=40500 G=3.8405 D_A=0.0548 D_B=0.1508
epoch=12 step=40600 G=3.3748 D_A=0.0508 D_B=0.2418
epoch=12 step=40700 G=3.9202 D_A=0.0963 D_B=0.0799
epoch=12 step=40800 G=5.2853 D_A=0.0547 D_B=0.0886
epoch=12 step=40900 G=3.8435 D_A=0.1148 D_B=0.2263
epoch=12 step=41000 G=4.1131 D_A=0.0998 D_B=0.0824
epoch=12 step=41100 G=3.1469 D_A=0.1150 D_B=0.1280
epoch=12 step=41200 G=4.9717 D_A=0.2085 D_B=0.1432
epoch=12 step=41300 G=4.2134 D_A=0.0501 D_B=0.0576
epoch=12 step=41400 G=3.5577 D_A=0.0634 D_B=0.1341
epoch=12 step=41500 G=3.8811 D_A=0.1198 D_B=0.1755
epoch=12 step=41600 G=3.9401 D_A=0.0919 D_B=0.1461
epoch=12 step=41700 G=3.3081 D_A=0.0877 D_B=0.1172
epoch=12 step=41800 G=4.1814 D_A=0.0954 D_B=0.1967
epoch=12 step=41900 G=3.6774 D_A=0.0654 D_B=0.0885
epoch=12 step=42000 G=4.4526 D_A=0.0815 D_B=0.1860
epoch=12 step=42100 G=3.7902 D_A=0.1169 D_B=0.2226
epoch=12 step=42200 G=4.0628 D_A=0.0946 D_B=0.0994
EPOCH 12/60 DONE: 317.3s lr=0.00020000 images/sec=44.36
epoch=13 step=42300 G=4.3907 D_A=0.0795 D_B=0.1150
epoch=13 step=42400 G=5.1547 D_A=0.2594 D_B=0.1148
epoch=13 step=42500 G=3.7242 D_A=0.0960 D_B=0.1479
epoch=13 step=42600 G=3.4783 D_A=0.0496 D_B=0.1838
epoch=13 step=42700 G=4.8894 D_A=0.0403 D_B=0.2674
epoch=13 step=42800 G=4.0592 D_A=0.2345 D_B=0.0975
epoch=13 step=42900 G=2.9822 D_A=0.0822 D_B=0.1750
epoch=13 step=43000 G=3.9476 D_A=0.1402 D_B=0.1872
epoch=13 step=43100 G=3.3632 D_A=0.0401 D_B=0.2395
epoch=13 step=43200 G=3.4483 D_A=0.2165 D_B=0.2950
epoch=13 step=43300 G=3.7434 D_A=0.0685 D_B=0.0790
epoch=13 step=43400 G=3.9455 D_A=0.0766 D_B=0.1431
epoch=13 step=43500 G=3.2490 D_A=0.0709 D_B=0.1166
epoch=13 step=43600 G=3.8378 D_A=0.0972 D_B=0.0584
epoch=13 step=43700 G=3.6002 D_A=0.0976 D_B=0.1160
epoch=13 step=43800 G=3.5364 D_A=0.1006 D_B=0.0669
epoch=13 step=43900 G=3.6671 D_A=0.0446 D_B=0.0807
epoch=13 step=44000 G=4.3472 D_A=0.2022 D_B=0.1368
epoch=13 step=44100 G=3.9816 D_A=0.0445 D_B=0.1353
epoch=13 step=44200 G=3.5507 D_A=0.0727 D_B=0.1290
epoch=13 step=44300 G=4.0778 D_A=0.0547 D_B=0.1233
epoch=13 step=44400 G=4.2867 D_A=0.0606 D_B=0.0882
epoch=13 step=44500 G=3.5706 D_A=0.1156 D_B=0.1673
epoch=13 step=44600 G=3.1944 D_A=0.1035 D_B=0.1651
epoch=13 step=44700 G=4.2965 D_A=0.0621 D_B=0.0900
epoch=13 step=44800 G=4.8287 D_A=0.0347 D_B=0.1495
epoch=13 step=44900 G=3.7593 D_A=0.1302 D_B=0.1047
epoch=13 step=45000 G=4.1067 D_A=0.0496 D_B=0.0838
epoch=13 step=45100 G=4.3161 D_A=0.0531 D_B=0.1858
epoch=13 step=45200 G=4.0469 D_A=0.1096 D_B=0.1049
epoch=13 step=45300 G=3.4469 D_A=0.0911 D_B=0.1328
epoch=13 step=45400 G=4.1227 D_A=0.1088 D_B=0.1700
epoch=13 step=45500 G=4.5184 D_A=0.2129 D_B=0.1170
epoch=13 step=45600 G=3.4731 D_A=0.1124 D_B=0.1384
epoch=13 step=45700 G=3.8031 D_A=0.0509 D_B=0.1798
EPOCH 13/60 DONE: 316.8s lr=0.00020000 images/sec=44.43
epoch=14 step=45800 G=4.3444 D_A=0.0371 D_B=0.1035
epoch=14 step=45900 G=4.3818 D_A=0.1139 D_B=0.0470
epoch=14 step=46000 G=3.7612 D_A=0.1025 D_B=0.1346
epoch=14 step=46100 G=4.0465 D_A=0.0958 D_B=0.1064
epoch=14 step=46200 G=3.9276 D_A=0.1020 D_B=0.1385
epoch=14 step=46300 G=4.3897 D_A=0.0472 D_B=0.1232
epoch=14 step=46400 G=3.6635 D_A=0.0801 D_B=0.1919
epoch=14 step=46500 G=3.7837 D_A=0.0639 D_B=0.0589
epoch=14 step=46600 G=2.9517 D_A=0.1270 D_B=0.2373
epoch=14 step=46700 G=4.3783 D_A=0.0978 D_B=0.0921
epoch=14 step=46800 G=3.8355 D_A=0.0519 D_B=0.0305
epoch=14 step=46900 G=3.8624 D_A=0.1548 D_B=0.2494
epoch=14 step=47000 G=3.6859 D_A=0.0404 D_B=0.1417
epoch=14 step=47100 G=4.4484 D_A=0.1058 D_B=0.0901
epoch=14 step=47200 G=4.3097 D_A=0.0745 D_B=0.1117
epoch=14 step=47300 G=4.0894 D_A=0.0767 D_B=0.1253
epoch=14 step=47400 G=4.6430 D_A=0.0815 D_B=0.0927
epoch=14 step=47500 G=3.2150 D_A=0.1658 D_B=0.1547
epoch=14 step=47600 G=4.1708 D_A=0.1169 D_B=0.1090
epoch=14 step=47700 G=3.0567 D_A=0.1060 D_B=0.1025
epoch=14 step=47800 G=3.7954 D_A=0.1056 D_B=0.0970
epoch=14 step=47900 G=5.3988 D_A=0.2132 D_B=0.1010
epoch=14 step=48000 G=3.5595 D_A=0.2157 D_B=0.1542
epoch=14 step=48100 G=3.7488 D_A=0.1911 D_B=0.1087
epoch=14 step=48200 G=3.3566 D_A=0.1631 D_B=0.1280
epoch=14 step=48300 G=4.0378 D_A=0.3174 D_B=0.0946
epoch=14 step=48400 G=3.5272 D_A=0.2224 D_B=0.1685
epoch=14 step=48500 G=3.3056 D_A=0.2173 D_B=0.1072
epoch=14 step=48600 G=2.9676 D_A=0.1854 D_B=0.0692
epoch=14 step=48700 G=4.1382 D_A=0.1980 D_B=0.1032
epoch=14 step=48800 G=3.3025 D_A=0.2638 D_B=0.1506
epoch=14 step=48900 G=3.3517 D_A=0.1920 D_B=0.1957
epoch=14 step=49000 G=3.3684 D_A=0.2479 D_B=0.1645
epoch=14 step=49100 G=3.2542 D_A=0.2662 D_B=0.1959
epoch=14 step=49200 G=4.0144 D_A=0.2222 D_B=0.0492
EPOCH 14/60 DONE: 315.4s lr=0.00020000 images/sec=44.62
epoch=15 step=49300 G=3.5616 D_A=0.2458 D_B=0.1506
epoch=15 step=49400 G=2.8892 D_A=0.2441 D_B=0.0894
epoch=15 step=49500 G=3.3658 D_A=0.1690 D_B=0.1080
epoch=15 step=49600 G=3.5546 D_A=0.2294 D_B=0.1375
epoch=15 step=49700 G=3.1953 D_A=0.1744 D_B=0.1375
epoch=15 step=49800 G=3.8833 D_A=0.2356 D_B=0.1925
epoch=15 step=49900 G=3.9470 D_A=0.1513 D_B=0.1625
epoch=15 step=50000 G=4.0793 D_A=0.2918 D_B=0.0907
epoch=15 step=50100 G=3.0557 D_A=0.2878 D_B=0.1318
epoch=15 step=50200 G=3.8516 D_A=0.2653 D_B=0.0519
epoch=15 step=50300 G=3.0352 D_A=0.2313 D_B=0.1433
epoch=15 step=50400 G=3.1313 D_A=0.1678 D_B=0.0971
epoch=15 step=50500 G=3.5564 D_A=0.1476 D_B=0.0672
epoch=15 step=50600 G=2.6422 D_A=0.1295 D_B=0.0783
epoch=15 step=50700 G=3.6849 D_A=0.1372 D_B=0.1554
epoch=15 step=50800 G=3.8568 D_A=0.1432 D_B=0.1970
epoch=15 step=50900 G=3.2700 D_A=0.0895 D_B=0.2326
epoch=15 step=51000 G=3.5796 D_A=0.0583 D_B=0.0947
epoch=15 step=51100 G=3.6434 D_A=0.0835 D_B=0.1563
epoch=15 step=51200 G=3.1639 D_A=0.1049 D_B=0.0815
epoch=15 step=51300 G=3.5893 D_A=0.0936 D_B=0.0737
epoch=15 step=51400 G=4.1700 D_A=0.0497 D_B=0.0583
epoch=15 step=51500 G=3.9232 D_A=0.0793 D_B=0.0531
epoch=15 step=51600 G=3.6829 D_A=0.1314 D_B=0.1166
epoch=15 step=51700 G=3.5482 D_A=0.0686 D_B=0.1220
epoch=15 step=51800 G=4.2076 D_A=0.0802 D_B=0.0610
epoch=15 step=51900 G=3.7904 D_A=0.0862 D_B=0.1243
epoch=15 step=52000 G=4.4830 D_A=0.1176 D_B=0.0479
epoch=15 step=52100 G=3.8391 D_A=0.1005 D_B=0.1214
epoch=15 step=52200 G=3.2179 D_A=0.0996 D_B=0.1785
epoch=15 step=52300 G=3.5884 D_A=0.0826 D_B=0.1064
epoch=15 step=52400 G=4.1068 D_A=0.0352 D_B=0.1082
epoch=15 step=52500 G=3.6396 D_A=0.0528 D_B=0.1349
epoch=15 step=52600 G=4.1848 D_A=0.1099 D_B=0.0794
epoch=15 step=52700 G=3.7423 D_A=0.2166 D_B=0.0860
EPOCH 15/60 DONE: 309.6s lr=0.00020000 images/sec=45.46
epoch=16 step=52800 G=4.7044 D_A=0.0588 D_B=0.0657
epoch=16 step=52900 G=4.0429 D_A=0.1091 D_B=0.1279
epoch=16 step=53000 G=3.9628 D_A=0.0890 D_B=0.2021
epoch=16 step=53100 G=3.4088 D_A=0.1251 D_B=0.1403
epoch=16 step=53200 G=3.4336 D_A=0.0732 D_B=0.3214
epoch=16 step=53300 G=3.3844 D_A=0.1347 D_B=0.0743
epoch=16 step=53400 G=4.7595 D_A=0.0544 D_B=0.0570
epoch=16 step=53500 G=3.8395 D_A=0.0878 D_B=0.1420
epoch=16 step=53600 G=3.5919 D_A=0.0832 D_B=0.0760
epoch=16 step=53700 G=4.3073 D_A=0.1013 D_B=0.1094
epoch=16 step=53800 G=3.6120 D_A=0.0600 D_B=0.1536
epoch=16 step=53900 G=4.0414 D_A=0.1450 D_B=0.1145
epoch=16 step=54000 G=3.9086 D_A=0.0681 D_B=0.1301
epoch=16 step=54100 G=3.3302 D_A=0.0503 D_B=0.0993
epoch=16 step=54200 G=4.0943 D_A=0.0963 D_B=0.1036
epoch=16 step=54300 G=3.6382 D_A=0.1259 D_B=0.0542
epoch=16 step=54400 G=3.2072 D_A=0.1792 D_B=0.1441
epoch=16 step=54500 G=4.3135 D_A=0.1256 D_B=0.1174
epoch=16 step=54600 G=3.3952 D_A=0.0541 D_B=0.1765
epoch=16 step=54700 G=3.2267 D_A=0.0860 D_B=0.0974
epoch=16 step=54800 G=3.7343 D_A=0.0798 D_B=0.2409
epoch=16 step=54900 G=3.6016 D_A=0.0493 D_B=0.0671
epoch=16 step=55000 G=4.0148 D_A=0.0737 D_B=0.0972
epoch=16 step=55100 G=3.5981 D_A=0.2070 D_B=0.1207
epoch=16 step=55200 G=3.3145 D_A=0.0825 D_B=0.1654
epoch=16 step=55300 G=3.9035 D_A=0.0602 D_B=0.1051
epoch=16 step=55400 G=4.1043 D_A=0.1196 D_B=0.1336
epoch=16 step=55500 G=3.5586 D_A=0.2332 D_B=0.1514
epoch=16 step=55600 G=4.1598 D_A=0.0674 D_B=0.1193
epoch=16 step=55700 G=3.4869 D_A=0.0727 D_B=0.1382
epoch=16 step=55800 G=3.9769 D_A=0.1033 D_B=0.1479
epoch=16 step=55900 G=4.0294 D_A=0.1453 D_B=0.0528
epoch=16 step=56000 G=4.2057 D_A=0.0828 D_B=0.0547
epoch=16 step=56100 G=2.7836 D_A=0.0529 D_B=0.1446
epoch=16 step=56200 G=3.6747 D_A=0.1829 D_B=0.1733
epoch=16 step=56300 G=4.0496 D_A=0.0918 D_B=0.2007
EPOCH 16/60 DONE: 315.6s lr=0.00020000 images/sec=44.59
epoch=17 step=56400 G=4.3054 D_A=0.0424 D_B=0.2438
epoch=17 step=56500 G=4.0144 D_A=0.1760 D_B=0.1387
epoch=17 step=56600 G=4.1973 D_A=0.1396 D_B=0.1371
epoch=17 step=56700 G=4.8921 D_A=0.1294 D_B=0.0542
epoch=17 step=56800 G=4.0435 D_A=0.1028 D_B=0.1020
epoch=17 step=56900 G=3.9456 D_A=0.1153 D_B=0.1870
epoch=17 step=57000 G=3.5636 D_A=0.0513 D_B=0.1469
epoch=17 step=57100 G=4.4969 D_A=0.2583 D_B=0.0499
epoch=17 step=57200 G=3.5705 D_A=0.2588 D_B=0.0829
epoch=17 step=57300 G=3.4592 D_A=0.3152 D_B=0.1388
epoch=17 step=57400 G=4.2921 D_A=0.1904 D_B=0.0862
epoch=17 step=57500 G=3.2637 D_A=0.2148 D_B=0.0941
epoch=17 step=57600 G=3.4055 D_A=0.2123 D_B=0.2270
epoch=17 step=57700 G=3.9935 D_A=0.2159 D_B=0.1831
epoch=17 step=57800 G=3.6824 D_A=0.2555 D_B=0.1389
epoch=17 step=57900 G=3.1047 D_A=0.1873 D_B=0.1374
epoch=17 step=58000 G=3.0974 D_A=0.2235 D_B=0.2118
epoch=17 step=58100 G=2.8933 D_A=0.2896 D_B=0.2317
epoch=17 step=58200 G=3.1006 D_A=0.2412 D_B=0.2350
epoch=17 step=58300 G=3.6803 D_A=0.3055 D_B=0.1271
epoch=17 step=58400 G=3.5589 D_A=0.2195 D_B=0.1575
epoch=17 step=58500 G=2.9923 D_A=0.2057 D_B=0.1120
epoch=17 step=58600 G=3.3083 D_A=0.2130 D_B=0.1447
epoch=17 step=58700 G=2.8721 D_A=0.2999 D_B=0.1025
epoch=17 step=58800 G=4.1746 D_A=0.2554 D_B=0.0821
epoch=17 step=58900 G=3.2515 D_A=0.2370 D_B=0.1455
epoch=17 step=59000 G=3.0100 D_A=0.1733 D_B=0.0821
epoch=17 step=59100 G=3.3361 D_A=0.2423 D_B=0.1302
epoch=17 step=59200 G=4.4807 D_A=0.1929 D_B=0.0959
epoch=17 step=59300 G=4.2554 D_A=0.1996 D_B=0.0694
epoch=17 step=59400 G=3.7832 D_A=0.1112 D_B=0.1639
epoch=17 step=59500 G=3.3507 D_A=0.1230 D_B=0.1081
epoch=17 step=59600 G=3.6551 D_A=0.1602 D_B=0.0775
epoch=17 step=59700 G=3.9511 D_A=0.1213 D_B=0.1866
epoch=17 step=59800 G=3.2669 D_A=0.0699 D_B=0.0961
EPOCH 17/60 DONE: 313.9s lr=0.00020000 images/sec=44.84
epoch=18 step=59900 G=4.1891 D_A=0.1048 D_B=0.1421
epoch=18 step=60000 G=4.5891 D_A=0.0956 D_B=0.0770
epoch=18 step=60100 G=3.6755 D_A=0.0935 D_B=0.0932
epoch=18 step=60200 G=3.1884 D_A=0.1262 D_B=0.1162
epoch=18 step=60300 G=4.5142 D_A=0.1433 D_B=0.0743
epoch=18 step=60400 G=3.4863 D_A=0.0875 D_B=0.0750
epoch=18 step=60500 G=3.7816 D_A=0.0589 D_B=0.0794
epoch=18 step=60600 G=3.4998 D_A=0.0846 D_B=0.0790
epoch=18 step=60700 G=3.3151 D_A=0.0635 D_B=0.1026
epoch=18 step=60800 G=3.4735 D_A=0.0797 D_B=0.0856
epoch=18 step=60900 G=3.7457 D_A=0.2384 D_B=0.1817
epoch=18 step=61000 G=3.8095 D_A=0.1465 D_B=0.1110
epoch=18 step=61100 G=3.6597 D_A=0.2118 D_B=0.0745
epoch=18 step=61200 G=3.9254 D_A=0.2191 D_B=0.0741
epoch=18 step=61300 G=2.9372 D_A=0.2469 D_B=0.0869
epoch=18 step=61400 G=3.8656 D_A=0.2194 D_B=0.1228
epoch=18 step=61500 G=3.2610 D_A=0.1533 D_B=0.2068
epoch=18 step=61600 G=3.3825 D_A=0.1403 D_B=0.0648
epoch=18 step=61700 G=3.7896 D_A=0.1400 D_B=0.1501
epoch=18 step=61800 G=3.2887 D_A=0.1333 D_B=0.0661
epoch=18 step=61900 G=3.3871 D_A=0.1436 D_B=0.0786
epoch=18 step=62000 G=3.2782 D_A=0.1341 D_B=0.1667
epoch=18 step=62100 G=5.1910 D_A=0.0409 D_B=0.0317
epoch=18 step=62200 G=3.3451 D_A=0.1028 D_B=0.0593
epoch=18 step=62300 G=4.4112 D_A=0.1246 D_B=0.1204
epoch=18 step=62400 G=3.9814 D_A=0.0756 D_B=0.0873
epoch=18 step=62500 G=3.9317 D_A=0.0750 D_B=0.0745
epoch=18 step=62600 G=3.4717 D_A=0.1665 D_B=0.1079
epoch=18 step=62700 G=4.0157 D_A=0.0835 D_B=0.0828
epoch=18 step=62800 G=3.5521 D_A=0.0779 D_B=0.0600
epoch=18 step=62900 G=4.1813 D_A=0.0388 D_B=0.0817
epoch=18 step=63000 G=4.6762 D_A=0.0582 D_B=0.1139
epoch=18 step=63100 G=4.9332 D_A=0.0875 D_B=0.1050
epoch=18 step=63200 G=3.6329 D_A=0.1624 D_B=0.1581
epoch=18 step=63300 G=3.7575 D_A=0.0973 D_B=0.1388
EPOCH 18/60 DONE: 309.2s lr=0.00020000 images/sec=45.52
epoch=19 step=63400 G=3.6653 D_A=0.1408 D_B=0.0839
epoch=19 step=63500 G=5.0730 D_A=0.1697 D_B=0.0432
epoch=19 step=63600 G=4.1357 D_A=0.0702 D_B=0.0740
epoch=19 step=63700 G=4.5300 D_A=0.0398 D_B=0.0889
epoch=19 step=63800 G=3.8908 D_A=0.2028 D_B=0.0931
epoch=19 step=63900 G=3.8280 D_A=0.0899 D_B=0.0790
epoch=19 step=64000 G=3.5995 D_A=0.0997 D_B=0.0769
epoch=19 step=64100 G=3.4286 D_A=0.0858 D_B=0.0626
epoch=19 step=64200 G=3.7746 D_A=0.1721 D_B=0.0975
epoch=19 step=64300 G=2.9300 D_A=0.1314 D_B=0.1240
epoch=19 step=64400 G=4.1782 D_A=0.1426 D_B=0.1020
epoch=19 step=64500 G=2.7537 D_A=0.1371 D_B=0.0621
epoch=19 step=64600 G=3.7705 D_A=0.0806 D_B=0.0254
epoch=19 step=64700 G=4.1611 D_A=0.0758 D_B=0.0622
epoch=19 step=64800 G=3.4357 D_A=0.0824 D_B=0.0549
epoch=19 step=64900 G=3.7580 D_A=0.1195 D_B=0.0665
epoch=19 step=65000 G=3.6689 D_A=0.1395 D_B=0.0690
epoch=19 step=65100 G=5.3791 D_A=0.0791 D_B=0.0552
epoch=19 step=65200 G=3.3689 D_A=0.1347 D_B=0.0989
epoch=19 step=65300 G=4.2072 D_A=0.1936 D_B=0.0668
epoch=19 step=65400 G=4.0545 D_A=0.1354 D_B=0.0835
epoch=19 step=65500 G=3.5768 D_A=0.0689 D_B=0.0683
epoch=19 step=65600 G=3.1959 D_A=0.1246 D_B=0.1369
epoch=19 step=65700 G=4.5096 D_A=0.1551 D_B=0.0834
epoch=19 step=65800 G=3.6267 D_A=0.0576 D_B=0.0662
epoch=19 step=65900 G=3.6747 D_A=0.0529 D_B=0.0364
epoch=19 step=66000 G=3.5206 D_A=0.0888 D_B=0.0872
epoch=19 step=66100 G=3.7393 D_A=0.1277 D_B=0.1288
epoch=19 step=66200 G=3.5336 D_A=0.1369 D_B=0.0889
epoch=19 step=66300 G=3.7002 D_A=0.0865 D_B=0.1247
epoch=19 step=66400 G=3.4037 D_A=0.1748 D_B=0.0764
epoch=19 step=66500 G=3.3726 D_A=0.1122 D_B=0.0646
epoch=19 step=66600 G=2.9737 D_A=0.1196 D_B=0.1535
epoch=19 step=66700 G=3.9344 D_A=0.0853 D_B=0.0978
epoch=19 step=66800 G=3.5558 D_A=0.1405 D_B=0.1179
EPOCH 19/60 DONE: 312.3s lr=0.00020000 images/sec=45.08
epoch=20 step=66900 G=3.8907 D_A=0.0551 D_B=0.0457
epoch=20 step=67000 G=3.9545 D_A=0.0971 D_B=0.0314
epoch=20 step=67100 G=4.4514 D_A=0.1838 D_B=0.0693
epoch=20 step=67200 G=3.6956 D_A=0.1045 D_B=0.0983
epoch=20 step=67300 G=3.7871 D_A=0.0753 D_B=0.0910
epoch=20 step=67400 G=4.5601 D_A=0.0474 D_B=0.0915
epoch=20 step=67500 G=3.6724 D_A=0.0290 D_B=0.1355
epoch=20 step=67600 G=3.5789 D_A=0.1294 D_B=0.1087
epoch=20 step=67700 G=4.2738 D_A=0.2055 D_B=0.0498
epoch=20 step=67800 G=3.4194 D_A=0.1541 D_B=0.0953
epoch=20 step=67900 G=3.0568 D_A=0.0892 D_B=0.0811
epoch=20 step=68000 G=4.1820 D_A=0.1731 D_B=0.1454
epoch=20 step=68100 G=3.7164 D_A=0.0842 D_B=0.0499
epoch=20 step=68200 G=4.1220 D_A=0.0802 D_B=0.0585
epoch=20 step=68300 G=3.3110 D_A=0.1642 D_B=0.0574
epoch=20 step=68400 G=3.5826 D_A=0.0600 D_B=0.0565
epoch=20 step=68500 G=3.9544 D_A=0.0535 D_B=0.0872
epoch=20 step=68600 G=3.8528 D_A=0.1506 D_B=0.1197
epoch=20 step=68700 G=3.4776 D_A=0.1017 D_B=0.0880
epoch=20 step=68800 G=3.6083 D_A=0.0757 D_B=0.0951
epoch=20 step=68900 G=3.3371 D_A=0.0838 D_B=0.0747
epoch=20 step=69000 G=3.7672 D_A=0.0966 D_B=0.1110
epoch=20 step=69100 G=5.7984 D_A=0.0931 D_B=0.1419
epoch=20 step=69200 G=3.8795 D_A=0.1032 D_B=0.0656
epoch=20 step=69300 G=4.1062 D_A=0.1740 D_B=0.0685
epoch=20 step=69400 G=3.3143 D_A=0.0722 D_B=0.0538
epoch=20 step=69500 G=4.3076 D_A=0.0934 D_B=0.0930
epoch=20 step=69600 G=3.8308 D_A=0.0562 D_B=0.0428
epoch=20 step=69700 G=4.3231 D_A=0.1341 D_B=0.1086
epoch=20 step=69800 G=3.5644 D_A=0.1934 D_B=0.0858
epoch=20 step=69900 G=2.8120 D_A=0.1386 D_B=0.1368
epoch=20 step=70000 G=3.4839 D_A=0.1755 D_B=0.1016
epoch=20 step=70100 G=4.2343 D_A=0.2257 D_B=0.1686
epoch=20 step=70200 G=4.2455 D_A=0.1097 D_B=0.0474
epoch=20 step=70300 G=4.1870 D_A=0.0989 D_B=0.0929
EPOCH 20/60 DONE: 309.1s lr=0.00020000 images/sec=45.54
epoch=21 step=70400 G=2.8060 D_A=0.0723 D_B=0.0824
epoch=21 step=70500 G=3.7389 D_A=0.0690 D_B=0.0763
epoch=21 step=70600 G=3.9483 D_A=0.0764 D_B=0.0620
epoch=21 step=70700 G=3.8493 D_A=0.0586 D_B=0.1011
epoch=21 step=70800 G=3.4674 D_A=0.1618 D_B=0.0733
epoch=21 step=70900 G=3.7191 D_A=0.0430 D_B=0.0880
epoch=21 step=71000 G=3.5262 D_A=0.0762 D_B=0.0764
epoch=21 step=71100 G=3.7905 D_A=0.1255 D_B=0.0586
epoch=21 step=71200 G=3.8674 D_A=0.1213 D_B=0.0570
epoch=21 step=71300 G=3.5296 D_A=0.0751 D_B=0.0800
epoch=21 step=71400 G=4.1382 D_A=0.1390 D_B=0.0591
epoch=21 step=71500 G=4.1189 D_A=0.0717 D_B=0.0954
epoch=21 step=71600 G=3.1101 D_A=0.1032 D_B=0.1290
epoch=21 step=71700 G=3.4691 D_A=0.0673 D_B=0.0891
epoch=21 step=71800 G=3.5168 D_A=0.0580 D_B=0.0806
epoch=21 step=71900 G=3.8106 D_A=0.0575 D_B=0.0829
epoch=21 step=72000 G=3.0545 D_A=0.0815 D_B=0.0810
epoch=21 step=72100 G=3.7428 D_A=0.0827 D_B=0.0716
epoch=21 step=72200 G=4.8482 D_A=0.1169 D_B=0.0791
epoch=21 step=72300 G=4.3349 D_A=0.0672 D_B=0.0429
epoch=21 step=72400 G=3.6329 D_A=0.1100 D_B=0.0299
epoch=21 step=72500 G=3.8032 D_A=0.1014 D_B=0.1564
epoch=21 step=72600 G=3.1479 D_A=0.0822 D_B=0.0888
epoch=21 step=72700 G=3.4579 D_A=0.0954 D_B=0.0981
epoch=21 step=72800 G=3.4631 D_A=0.0843 D_B=0.0806
epoch=21 step=72900 G=3.5973 D_A=0.0711 D_B=0.0917
epoch=21 step=73000 G=4.0742 D_A=0.1422 D_B=0.0806
epoch=21 step=73100 G=4.0302 D_A=0.1443 D_B=0.0534
epoch=21 step=73200 G=3.5231 D_A=0.1367 D_B=0.0367
epoch=21 step=73300 G=4.2740 D_A=0.0490 D_B=0.0417
epoch=21 step=73400 G=3.2173 D_A=0.0841 D_B=0.0634
epoch=21 step=73500 G=5.9380 D_A=0.0534 D_B=0.0717
epoch=21 step=73600 G=3.2320 D_A=0.1405 D_B=0.0443
epoch=21 step=73700 G=4.0033 D_A=0.1215 D_B=0.0557
epoch=21 step=73800 G=3.1520 D_A=0.1545 D_B=0.0518
EPOCH 21/60 DONE: 311.2s lr=0.00019512 images/sec=45.24
epoch=22 step=73900 G=4.8729 D_A=0.0695 D_B=0.1084
epoch=22 step=74000 G=4.6051 D_A=0.1165 D_B=0.0924
epoch=22 step=74100 G=4.9480 D_A=0.0826 D_B=0.0586
epoch=22 step=74200 G=4.5060 D_A=0.0616 D_B=0.1292
epoch=22 step=74300 G=3.4352 D_A=0.0435 D_B=0.0863
epoch=22 step=74400 G=4.1982 D_A=0.0927 D_B=0.0735
epoch=22 step=74500 G=4.7766 D_A=0.0679 D_B=0.0314
epoch=22 step=74600 G=3.3168 D_A=0.0781 D_B=0.0892
epoch=22 step=74700 G=4.1223 D_A=0.0726 D_B=0.0638
epoch=22 step=74800 G=4.5389 D_A=0.1036 D_B=0.0844
epoch=22 step=74900 G=3.5286 D_A=0.0435 D_B=0.0426
epoch=22 step=75000 G=3.4229 D_A=0.0756 D_B=0.0827
epoch=22 step=75100 G=3.2024 D_A=0.0970 D_B=0.0979
epoch=22 step=75200 G=4.4680 D_A=0.0623 D_B=0.0796
epoch=22 step=75300 G=4.3649 D_A=0.0686 D_B=0.0702
epoch=22 step=75400 G=4.3220 D_A=0.1399 D_B=0.0362
epoch=22 step=75500 G=3.8606 D_A=0.0900 D_B=0.0452
epoch=22 step=75600 G=3.3071 D_A=0.0978 D_B=0.0948
epoch=22 step=75700 G=4.5629 D_A=0.0639 D_B=0.1193
epoch=22 step=75800 G=2.9234 D_A=0.0995 D_B=0.0638
epoch=22 step=75900 G=3.3860 D_A=0.1346 D_B=0.1584
epoch=22 step=76000 G=3.7170 D_A=0.0974 D_B=0.1752
epoch=22 step=76100 G=3.4935 D_A=0.1740 D_B=0.0891
epoch=22 step=76200 G=3.5217 D_A=0.1119 D_B=0.0547
epoch=22 step=76300 G=3.6523 D_A=0.0630 D_B=0.0451
epoch=22 step=76400 G=4.0730 D_A=0.0730 D_B=0.0355
epoch=22 step=76500 G=4.1039 D_A=0.1087 D_B=0.0419
epoch=22 step=76600 G=3.1505 D_A=0.0835 D_B=0.0788
epoch=22 step=76700 G=3.7741 D_A=0.0739 D_B=0.0396
epoch=22 step=76800 G=3.9359 D_A=0.0658 D_B=0.0353
epoch=22 step=76900 G=3.7525 D_A=0.2171 D_B=0.0873
epoch=22 step=77000 G=3.3328 D_A=0.1957 D_B=0.0864
epoch=22 step=77100 G=3.8182 D_A=0.0717 D_B=0.0377
epoch=22 step=77200 G=4.4266 D_A=0.1172 D_B=0.0407
epoch=22 step=77300 G=3.4470 D_A=0.1001 D_B=0.0696
epoch=22 step=77400 G=3.8869 D_A=0.1098 D_B=0.0959
EPOCH 22/60 DONE: 311.1s lr=0.00019024 images/sec=45.24
epoch=23 step=77500 G=4.3177 D_A=0.1036 D_B=0.1032
epoch=23 step=77600 G=3.2963 D_A=0.1084 D_B=0.0982
epoch=23 step=77700 G=4.2084 D_A=0.0973 D_B=0.0708
epoch=23 step=77800 G=3.5469 D_A=0.0584 D_B=0.0687
epoch=23 step=77900 G=4.5430 D_A=0.0533 D_B=0.0513
epoch=23 step=78000 G=3.0215 D_A=0.1226 D_B=0.0728
epoch=23 step=78100 G=3.1590 D_A=0.0861 D_B=0.0625
epoch=23 step=78200 G=4.7387 D_A=0.0681 D_B=0.1115
epoch=23 step=78300 G=3.8943 D_A=0.0894 D_B=0.0569
epoch=23 step=78400 G=2.8941 D_A=0.1977 D_B=0.0434
epoch=23 step=78500 G=3.4671 D_A=0.0485 D_B=0.0359
epoch=23 step=78600 G=3.7230 D_A=0.0441 D_B=0.0454
epoch=23 step=78700 G=3.7033 D_A=0.0913 D_B=0.0440
epoch=23 step=78800 G=3.7954 D_A=0.1754 D_B=0.0611
epoch=23 step=78900 G=3.3309 D_A=0.1007 D_B=0.0336
epoch=23 step=79000 G=4.0609 D_A=0.1301 D_B=0.0972
epoch=23 step=79100 G=4.1120 D_A=0.0557 D_B=0.0788
epoch=23 step=79200 G=3.6613 D_A=0.0507 D_B=0.0812
epoch=23 step=79300 G=6.1004 D_A=0.0389 D_B=0.0411
epoch=23 step=79400 G=4.1738 D_A=0.1153 D_B=0.0583
epoch=23 step=79500 G=3.5705 D_A=0.0313 D_B=0.0858
epoch=23 step=79600 G=3.8393 D_A=0.0942 D_B=0.0648
epoch=23 step=79700 G=3.9046 D_A=0.1611 D_B=0.0705
epoch=23 step=79800 G=3.2053 D_A=0.0601 D_B=0.0625
epoch=23 step=79900 G=4.2177 D_A=0.1576 D_B=0.0500
epoch=23 step=80000 G=4.3814 D_A=0.1338 D_B=0.1065
epoch=23 step=80100 G=3.8680 D_A=0.1062 D_B=0.0439
epoch=23 step=80200 G=3.7386 D_A=0.0846 D_B=0.0772
epoch=23 step=80300 G=4.2988 D_A=0.0566 D_B=0.1179
epoch=23 step=80400 G=4.1507 D_A=0.0841 D_B=0.0490
epoch=23 step=80500 G=3.4722 D_A=0.0880 D_B=0.0245
epoch=23 step=80600 G=4.0697 D_A=0.0732 D_B=0.0683
epoch=23 step=80700 G=4.2014 D_A=0.1358 D_B=0.0708
epoch=23 step=80800 G=3.9897 D_A=0.0690 D_B=0.1091
epoch=23 step=80900 G=4.3680 D_A=0.0409 D_B=0.0342
EPOCH 23/60 DONE: 311.8s lr=0.00018537 images/sec=45.15
epoch=24 step=81000 G=3.1413 D_A=0.3149 D_B=0.0721
epoch=24 step=81100 G=4.3163 D_A=0.0610 D_B=0.0380
epoch=24 step=81200 G=3.2385 D_A=0.1011 D_B=0.0575
epoch=24 step=81300 G=3.1249 D_A=0.1273 D_B=0.0748
epoch=24 step=81400 G=4.5027 D_A=0.0733 D_B=0.0942
epoch=24 step=81500 G=4.7823 D_A=0.0946 D_B=0.0963
epoch=24 step=81600 G=4.0081 D_A=0.0987 D_B=0.0523
epoch=24 step=81700 G=3.3357 D_A=0.1040 D_B=0.0721
epoch=24 step=81800 G=4.6877 D_A=0.0457 D_B=0.0666
epoch=24 step=81900 G=3.3178 D_A=0.0935 D_B=0.0474
epoch=24 step=82000 G=4.0976 D_A=0.1203 D_B=0.0347
epoch=24 step=82100 G=2.9361 D_A=0.2486 D_B=0.0675
epoch=24 step=82200 G=4.7215 D_A=0.0981 D_B=0.0957
epoch=24 step=82300 G=3.5786 D_A=0.0923 D_B=0.0617
epoch=24 step=82400 G=3.4167 D_A=0.0993 D_B=0.1009
epoch=24 step=82500 G=3.7468 D_A=0.0747 D_B=0.0774
epoch=24 step=82600 G=4.0452 D_A=0.0772 D_B=0.0993
epoch=24 step=82700 G=3.5770 D_A=0.0818 D_B=0.0920
epoch=24 step=82800 G=3.2214 D_A=0.0929 D_B=0.0819
epoch=24 step=82900 G=3.8476 D_A=0.0491 D_B=0.0568
epoch=24 step=83000 G=3.7628 D_A=0.0516 D_B=0.0491
epoch=24 step=83100 G=3.6301 D_A=0.0957 D_B=0.0905
epoch=24 step=83200 G=3.5001 D_A=0.1208 D_B=0.0319
epoch=24 step=83300 G=3.7286 D_A=0.0580 D_B=0.0406
epoch=24 step=83400 G=3.6948 D_A=0.0387 D_B=0.0859
epoch=24 step=83500 G=3.9049 D_A=0.0740 D_B=0.0614
epoch=24 step=83600 G=4.3432 D_A=0.0623 D_B=0.0682
epoch=24 step=83700 G=3.2275 D_A=0.0550 D_B=0.0427
epoch=24 step=83800 G=4.8077 D_A=0.1470 D_B=0.0712
epoch=24 step=83900 G=3.7299 D_A=0.0831 D_B=0.0468
epoch=24 step=84000 G=3.8687 D_A=0.0640 D_B=0.0587
epoch=24 step=84100 G=3.7129 D_A=0.1254 D_B=0.1131
epoch=24 step=84200 G=5.1314 D_A=0.2100 D_B=0.0573
epoch=24 step=84300 G=4.3546 D_A=0.1059 D_B=0.0634
epoch=24 step=84400 G=3.5169 D_A=0.1410 D_B=0.0834
EPOCH 24/60 DONE: 312.1s lr=0.00018049 images/sec=45.09
epoch=25 step=84500 G=3.4148 D_A=0.1361 D_B=0.0483
epoch=25 step=84600 G=4.0391 D_A=0.0903 D_B=0.0875
epoch=25 step=84700 G=3.4245 D_A=0.0614 D_B=0.1110
epoch=25 step=84800 G=2.6331 D_A=0.1525 D_B=0.0681
epoch=25 step=84900 G=4.2836 D_A=0.0944 D_B=0.0666
epoch=25 step=85000 G=3.3545 D_A=0.1736 D_B=0.0615
epoch=25 step=85100 G=3.4810 D_A=0.1755 D_B=0.0728
epoch=25 step=85200 G=3.5163 D_A=0.1034 D_B=0.0995
epoch=25 step=85300 G=3.6072 D_A=0.1100 D_B=0.1173
epoch=25 step=85400 G=3.2436 D_A=0.0562 D_B=0.0519
epoch=25 step=85500 G=4.2844 D_A=0.0914 D_B=0.0805
epoch=25 step=85600 G=3.5470 D_A=0.0709 D_B=0.0830
epoch=25 step=85700 G=3.6963 D_A=0.0446 D_B=0.0380
epoch=25 step=85800 G=4.2593 D_A=0.0483 D_B=0.0566
epoch=25 step=85900 G=4.1844 D_A=0.0992 D_B=0.0394
epoch=25 step=86000 G=2.6785 D_A=0.0358 D_B=0.0813
epoch=25 step=86100 G=4.0375 D_A=0.0822 D_B=0.0735
epoch=25 step=86200 G=5.1362 D_A=0.0896 D_B=0.0526
epoch=25 step=86300 G=3.5401 D_A=0.0844 D_B=0.1308
epoch=25 step=86400 G=3.1887 D_A=0.0964 D_B=0.0264
epoch=25 step=86500 G=3.7217 D_A=0.0703 D_B=0.0843
epoch=25 step=86600 G=3.1341 D_A=0.1836 D_B=0.0447
epoch=25 step=86700 G=3.7339 D_A=0.1254 D_B=0.0472
epoch=25 step=86800 G=3.5172 D_A=0.0896 D_B=0.0439
epoch=25 step=86900 G=3.7973 D_A=0.1509 D_B=0.0426
epoch=25 step=87000 G=3.2314 D_A=0.1531 D_B=0.0496
epoch=25 step=87100 G=3.1358 D_A=0.1345 D_B=0.0969
epoch=25 step=87200 G=4.1901 D_A=0.1121 D_B=0.0434
epoch=25 step=87300 G=3.1827 D_A=0.0796 D_B=0.0377
epoch=25 step=87400 G=4.0028 D_A=0.1873 D_B=0.0334
epoch=25 step=87500 G=3.2855 D_A=0.0927 D_B=0.0436
epoch=25 step=87600 G=4.1434 D_A=0.0730 D_B=0.0645
epoch=25 step=87700 G=5.1206 D_A=0.0523 D_B=0.0755
epoch=25 step=87800 G=2.8235 D_A=0.1341 D_B=0.1686
epoch=25 step=87900 G=3.4385 D_A=0.0708 D_B=0.0493
EPOCH 25/60 DONE: 311.8s lr=0.00017561 images/sec=45.14
epoch=26 step=88000 G=3.5851 D_A=0.1390 D_B=0.0366
epoch=26 step=88100 G=3.8198 D_A=0.1109 D_B=0.0374
epoch=26 step=88200 G=3.2790 D_A=0.1335 D_B=0.0782
epoch=26 step=88300 G=3.3696 D_A=0.1519 D_B=0.1244
epoch=26 step=88400 G=3.4242 D_A=0.1120 D_B=0.0286
epoch=26 step=88500 G=3.4668 D_A=0.1220 D_B=0.0300
epoch=26 step=88600 G=3.9922 D_A=0.0435 D_B=0.1057
epoch=26 step=88700 G=3.6270 D_A=0.1156 D_B=0.0665
epoch=26 step=88800 G=2.7401 D_A=0.0596 D_B=0.0867
epoch=26 step=88900 G=3.1861 D_A=0.0991 D_B=0.0959
epoch=26 step=89000 G=4.0818 D_A=0.0648 D_B=0.0347
epoch=26 step=89100 G=3.4302 D_A=0.0858 D_B=0.0451
epoch=26 step=89200 G=4.0454 D_A=0.0851 D_B=0.1060
epoch=26 step=89300 G=3.9689 D_A=0.0804 D_B=0.0537
epoch=26 step=89400 G=3.9598 D_A=0.1382 D_B=0.0630
epoch=26 step=89500 G=4.0063 D_A=0.0702 D_B=0.0295
epoch=26 step=89600 G=2.9918 D_A=0.1003 D_B=0.0867
epoch=26 step=89700 G=3.6057 D_A=0.0564 D_B=0.0776
epoch=26 step=89800 G=4.2472 D_A=0.1423 D_B=0.0913
epoch=26 step=89900 G=3.6948 D_A=0.0546 D_B=0.1220
epoch=26 step=90000 G=3.1584 D_A=0.0896 D_B=0.0555
epoch=26 step=90100 G=3.9989 D_A=0.0678 D_B=0.0342
epoch=26 step=90200 G=3.8861 D_A=0.0871 D_B=0.0786
epoch=26 step=90300 G=3.3431 D_A=0.1188 D_B=0.0484
epoch=26 step=90400 G=3.9643 D_A=0.1634 D_B=0.0482
epoch=26 step=90500 G=4.0764 D_A=0.0888 D_B=0.0559
epoch=26 step=90600 G=3.3779 D_A=0.1312 D_B=0.0462
epoch=26 step=90700 G=3.4332 D_A=0.0602 D_B=0.0586
epoch=26 step=90800 G=4.1680 D_A=0.0733 D_B=0.0591
epoch=26 step=90900 G=3.4829 D_A=0.0786 D_B=0.0621
epoch=26 step=91000 G=3.1644 D_A=0.0827 D_B=0.1128
epoch=26 step=91100 G=3.7618 D_A=0.0779 D_B=0.0965
epoch=26 step=91200 G=3.4472 D_A=0.0997 D_B=0.0646
epoch=26 step=91300 G=3.4839 D_A=0.1029 D_B=0.0370
epoch=26 step=91400 G=4.0647 D_A=0.0760 D_B=0.0533
EPOCH 26/60 DONE: 311.6s lr=0.00017073 images/sec=45.18
epoch=27 step=91500 G=3.5733 D_A=0.0756 D_B=0.0724
epoch=27 step=91600 G=3.9151 D_A=0.1453 D_B=0.0320
epoch=27 step=91700 G=3.8413 D_A=0.0594 D_B=0.0484
epoch=27 step=91800 G=4.3661 D_A=0.2117 D_B=0.1020
epoch=27 step=91900 G=3.4671 D_A=0.0652 D_B=0.0492
epoch=27 step=92000 G=3.7973 D_A=0.0492 D_B=0.1022
epoch=27 step=92100 G=2.9431 D_A=0.0615 D_B=0.0543
epoch=27 step=92200 G=3.4460 D_A=0.0739 D_B=0.0809
epoch=27 step=92300 G=3.8102 D_A=0.0663 D_B=0.0423
epoch=27 step=92400 G=3.4741 D_A=0.0855 D_B=0.0897
epoch=27 step=92500 G=3.7581 D_A=0.0505 D_B=0.0381
epoch=27 step=92600 G=3.9311 D_A=0.0443 D_B=0.0390
epoch=27 step=92700 G=2.8133 D_A=0.0972 D_B=0.0366
epoch=27 step=92800 G=3.8775 D_A=0.1075 D_B=0.0253
epoch=27 step=92900 G=3.4753 D_A=0.0422 D_B=0.0568
epoch=27 step=93000 G=6.0194 D_A=0.0336 D_B=0.2969
epoch=27 step=93100 G=4.7047 D_A=0.0987 D_B=0.1708
epoch=27 step=93200 G=3.5941 D_A=0.0834 D_B=0.2226
epoch=27 step=93300 G=3.4999 D_A=0.0734 D_B=0.1898
epoch=27 step=93400 G=3.8011 D_A=0.0930 D_B=0.1370
epoch=27 step=93500 G=3.3712 D_A=0.1217 D_B=0.2512
epoch=27 step=93600 G=4.2693 D_A=0.0483 D_B=0.2077
epoch=27 step=93700 G=3.1005 D_A=0.0568 D_B=0.2000
epoch=27 step=93800 G=4.3221 D_A=0.1154 D_B=0.2040
epoch=27 step=93900 G=2.8585 D_A=0.0473 D_B=0.2436
epoch=27 step=94000 G=3.3001 D_A=0.1462 D_B=0.1283
epoch=27 step=94100 G=3.1287 D_A=0.0477 D_B=0.1665
epoch=27 step=94200 G=2.9829 D_A=0.1038 D_B=0.1511
epoch=27 step=94300 G=3.0898 D_A=0.0612 D_B=0.2315
epoch=27 step=94400 G=3.2672 D_A=0.0383 D_B=0.2116
epoch=27 step=94500 G=3.3262 D_A=0.1847 D_B=0.1570
epoch=27 step=94600 G=3.1157 D_A=0.0921 D_B=0.1698
epoch=27 step=94700 G=3.5705 D_A=0.0474 D_B=0.1437
epoch=27 step=94800 G=3.7676 D_A=0.0569 D_B=0.1543
epoch=27 step=94900 G=3.2957 D_A=0.0596 D_B=0.1101
epoch=27 step=95000 G=3.6664 D_A=0.0452 D_B=0.1190
EPOCH 27/60 DONE: 311.5s lr=0.00016585 images/sec=45.18
epoch=28 step=95100 G=3.8545 D_A=0.0818 D_B=0.1146
epoch=28 step=95200 G=3.7154 D_A=0.0810 D_B=0.1390
epoch=28 step=95300 G=3.6360 D_A=0.0589 D_B=0.0558
epoch=28 step=95400 G=3.2217 D_A=0.1241 D_B=0.0894
epoch=28 step=95500 G=3.0004 D_A=0.1202 D_B=0.0808
epoch=28 step=95600 G=3.8397 D_A=0.0699 D_B=0.0470
epoch=28 step=95700 G=3.5483 D_A=0.0492 D_B=0.0825
epoch=28 step=95800 G=3.5349 D_A=0.0828 D_B=0.0818
epoch=28 step=95900 G=4.0810 D_A=0.0395 D_B=0.1069
epoch=28 step=96000 G=3.4661 D_A=0.0811 D_B=0.0424
epoch=28 step=96100 G=3.1457 D_A=0.1923 D_B=0.1068
epoch=28 step=96200 G=3.5234 D_A=0.0602 D_B=0.0309
epoch=28 step=96300 G=3.7026 D_A=0.0583 D_B=0.0403
epoch=28 step=96400 G=3.8075 D_A=0.0894 D_B=0.0312
epoch=28 step=96500 G=3.5879 D_A=0.1035 D_B=0.0544
epoch=28 step=96600 G=3.8187 D_A=0.1030 D_B=0.0597
epoch=28 step=96700 G=3.0224 D_A=0.1173 D_B=0.0518
epoch=28 step=96800 G=3.7145 D_A=0.0563 D_B=0.0582
epoch=28 step=96900 G=4.2630 D_A=0.0276 D_B=0.0870
epoch=28 step=97000 G=3.4954 D_A=0.1093 D_B=0.0623
epoch=28 step=97100 G=3.0767 D_A=0.1148 D_B=0.0837
epoch=28 step=97200 G=3.4913 D_A=0.0529 D_B=0.0605
epoch=28 step=97300 G=4.6280 D_A=0.0393 D_B=0.1133
epoch=28 step=97400 G=3.7641 D_A=0.0580 D_B=0.0375
epoch=28 step=97500 G=4.2596 D_A=0.1104 D_B=0.0429
epoch=28 step=97600 G=4.3350 D_A=0.0860 D_B=0.0705
epoch=28 step=97700 G=3.6265 D_A=0.0758 D_B=0.0599
epoch=28 step=97800 G=4.9527 D_A=0.1155 D_B=0.0407
epoch=28 step=97900 G=4.2337 D_A=0.0556 D_B=0.0596
epoch=28 step=98000 G=3.6674 D_A=0.0428 D_B=0.1506
epoch=28 step=98100 G=3.1948 D_A=0.0995 D_B=0.0784
epoch=28 step=98200 G=3.5790 D_A=0.0856 D_B=0.0550
epoch=28 step=98300 G=4.4416 D_A=0.1427 D_B=0.0547
epoch=28 step=98400 G=3.6709 D_A=0.0591 D_B=0.0701
epoch=28 step=98500 G=3.9524 D_A=0.0503 D_B=0.0344
EPOCH 28/60 DONE: 313.3s lr=0.00016098 images/sec=44.93
epoch=29 step=98600 G=3.1360 D_A=0.0551 D_B=0.0511
epoch=29 step=98700 G=4.2995 D_A=0.0851 D_B=0.0693
epoch=29 step=98800 G=3.3370 D_A=0.0604 D_B=0.0654
epoch=29 step=98900 G=4.3153 D_A=0.0649 D_B=0.0776
epoch=29 step=99000 G=3.6213 D_A=0.0504 D_B=0.0502
epoch=29 step=99100 G=3.5997 D_A=0.0914 D_B=0.0873
epoch=29 step=99200 G=3.7342 D_A=0.0612 D_B=0.0454
epoch=29 step=99300 G=3.9812 D_A=0.0917 D_B=0.0332
epoch=29 step=99400 G=4.0350 D_A=0.0799 D_B=0.0705
epoch=29 step=99500 G=3.6147 D_A=0.0941 D_B=0.1182
epoch=29 step=99600 G=2.7371 D_A=0.2574 D_B=0.0546
epoch=29 step=99700 G=2.6699 D_A=0.2444 D_B=0.0525
epoch=29 step=99800 G=3.6012 D_A=0.0421 D_B=0.0559
epoch=29 step=99900 G=3.8637 D_A=0.0731 D_B=0.0640
epoch=29 step=100000 G=3.2078 D_A=0.1216 D_B=0.0610
epoch=29 step=100100 G=3.8394 D_A=0.0685 D_B=0.0331
epoch=29 step=100200 G=3.4379 D_A=0.0712 D_B=0.0603
epoch=29 step=100300 G=3.4446 D_A=0.0830 D_B=0.0472
epoch=29 step=100400 G=3.6637 D_A=0.0485 D_B=0.0789
epoch=29 step=100500 G=3.3624 D_A=0.1392 D_B=0.0339
epoch=29 step=100600 G=3.6828 D_A=0.0715 D_B=0.0586
epoch=29 step=100700 G=3.0146 D_A=0.0899 D_B=0.0620
epoch=29 step=100800 G=3.7344 D_A=0.0997 D_B=0.1292
epoch=29 step=100900 G=3.4855 D_A=0.1106 D_B=0.0520
epoch=29 step=101000 G=3.7279 D_A=0.1121 D_B=0.0504
epoch=29 step=101100 G=3.4995 D_A=0.0935 D_B=0.0413
epoch=29 step=101200 G=3.9889 D_A=0.0530 D_B=0.0544
epoch=29 step=101300 G=3.4508 D_A=0.0992 D_B=0.0602
epoch=29 step=101400 G=5.2575 D_A=0.1066 D_B=0.0497
epoch=29 step=101500 G=3.5213 D_A=0.0647 D_B=0.0896
epoch=29 step=101600 G=3.2872 D_A=0.0486 D_B=0.0491
epoch=29 step=101700 G=3.7904 D_A=0.0655 D_B=0.0455
epoch=29 step=101800 G=3.5175 D_A=0.0785 D_B=0.0918
epoch=29 step=101900 G=3.4023 D_A=0.0667 D_B=0.0754
epoch=29 step=102000 G=3.1688 D_A=0.0798 D_B=0.1078
EPOCH 29/60 DONE: 312.6s lr=0.00015610 images/sec=45.02
epoch=30 step=102100 G=3.2460 D_A=0.0460 D_B=0.0612
epoch=30 step=102200 G=3.4646 D_A=0.1011 D_B=0.0616
epoch=30 step=102300 G=3.4204 D_A=0.0783 D_B=0.0554
epoch=30 step=102400 G=3.5120 D_A=0.0526 D_B=0.0381
epoch=30 step=102500 G=3.7372 D_A=0.0482 D_B=0.0555
epoch=30 step=102600 G=3.6161 D_A=0.0723 D_B=0.0391
epoch=30 step=102700 G=3.1801 D_A=0.1013 D_B=0.0497
epoch=30 step=102800 G=3.7014 D_A=0.0406 D_B=0.0823
epoch=30 step=102900 G=3.0069 D_A=0.0630 D_B=0.0497
epoch=30 step=103000 G=3.8298 D_A=0.1311 D_B=0.0532
epoch=30 step=103100 G=2.7574 D_A=0.0802 D_B=0.1595
epoch=30 step=103200 G=3.7562 D_A=0.0472 D_B=0.0434
epoch=30 step=103300 G=3.5808 D_A=0.0478 D_B=0.0341
epoch=30 step=103400 G=3.7484 D_A=0.0787 D_B=0.0306
epoch=30 step=103500 G=3.6011 D_A=0.0728 D_B=0.0546
epoch=30 step=103600 G=4.0306 D_A=0.0791 D_B=0.1455
epoch=30 step=103700 G=3.9805 D_A=0.0536 D_B=0.0674
epoch=30 step=103800 G=3.4872 D_A=0.0692 D_B=0.0376
epoch=30 step=103900 G=3.3346 D_A=0.1081 D_B=0.0415
epoch=30 step=104000 G=3.7018 D_A=0.0524 D_B=0.0869
epoch=30 step=104100 G=3.8454 D_A=0.1322 D_B=0.1209
epoch=30 step=104200 G=5.6516 D_A=0.0474 D_B=0.0958
epoch=30 step=104300 G=3.5631 D_A=0.1141 D_B=0.0604
epoch=30 step=104400 G=4.2723 D_A=0.0753 D_B=0.0588
epoch=30 step=104500 G=4.1116 D_A=0.1047 D_B=0.0901
epoch=30 step=104600 G=3.4033 D_A=0.0677 D_B=0.0409
epoch=30 step=104700 G=3.3372 D_A=0.0589 D_B=0.1014
epoch=30 step=104800 G=3.1987 D_A=0.1130 D_B=0.0777
epoch=30 step=104900 G=4.2720 D_A=0.0659 D_B=0.0518
epoch=30 step=105000 G=3.8800 D_A=0.0577 D_B=0.0487
epoch=30 step=105100 G=3.8413 D_A=0.0474 D_B=0.0761
epoch=30 step=105200 G=3.3988 D_A=0.1162 D_B=0.0353
epoch=30 step=105300 G=3.8317 D_A=0.0493 D_B=0.0485
epoch=30 step=105400 G=4.2138 D_A=0.1086 D_B=0.1173
epoch=30 step=105500 G=3.1863 D_A=0.0739 D_B=0.1269
EPOCH 30/60 DONE: 311.1s lr=0.00015122 images/sec=45.25
epoch=31 step=105600 G=3.7338 D_A=0.1233 D_B=0.0438
epoch=31 step=105700 G=3.9810 D_A=0.0567 D_B=0.0258
epoch=31 step=105800 G=3.7843 D_A=0.0652 D_B=0.0393
epoch=31 step=105900 G=3.7036 D_A=0.0373 D_B=0.0341
epoch=31 step=106000 G=3.3717 D_A=0.1309 D_B=0.0545
epoch=31 step=106100 G=4.0807 D_A=0.1548 D_B=0.0411
epoch=31 step=106200 G=3.5400 D_A=0.1569 D_B=0.1353
epoch=31 step=106300 G=3.7893 D_A=0.0299 D_B=0.0470
epoch=31 step=106400 G=3.6154 D_A=0.1272 D_B=0.1069
epoch=31 step=106500 G=4.0350 D_A=0.0528 D_B=0.0381
epoch=31 step=106600 G=3.5288 D_A=0.0741 D_B=0.1136
epoch=31 step=106700 G=4.1682 D_A=0.0757 D_B=0.0502
epoch=31 step=106800 G=3.7896 D_A=0.0496 D_B=0.0397
epoch=31 step=106900 G=4.2266 D_A=0.0814 D_B=0.0540
epoch=31 step=107000 G=4.0702 D_A=0.0727 D_B=0.0885
epoch=31 step=107100 G=3.0958 D_A=0.0858 D_B=0.0884
epoch=31 step=107200 G=4.5177 D_A=0.0471 D_B=0.0389
epoch=31 step=107300 G=3.2576 D_A=0.0483 D_B=0.0634
epoch=31 step=107400 G=4.1417 D_A=0.0347 D_B=0.1554
epoch=31 step=107500 G=3.8764 D_A=0.0444 D_B=0.0468
epoch=31 step=107600 G=3.1034 D_A=0.0495 D_B=0.0560
epoch=31 step=107700 G=3.1741 D_A=0.0888 D_B=0.0566
epoch=31 step=107800 G=3.5559 D_A=0.1190 D_B=0.1039
epoch=31 step=107900 G=3.2014 D_A=0.1148 D_B=0.1242
epoch=31 step=108000 G=3.3351 D_A=0.0289 D_B=0.0567
epoch=31 step=108100 G=3.2454 D_A=0.0859 D_B=0.0506
epoch=31 step=108200 G=4.1180 D_A=0.0937 D_B=0.0473
epoch=31 step=108300 G=4.6014 D_A=0.0498 D_B=0.1269
epoch=31 step=108400 G=3.9569 D_A=0.0352 D_B=0.0837
epoch=31 step=108500 G=3.4270 D_A=0.1035 D_B=0.0384
epoch=31 step=108600 G=3.1282 D_A=0.2000 D_B=0.0746
epoch=31 step=108700 G=3.7393 D_A=0.0302 D_B=0.0416
epoch=31 step=108800 G=3.5657 D_A=0.0254 D_B=0.0549
epoch=31 step=108900 G=3.5928 D_A=0.0367 D_B=0.1186
epoch=31 step=109000 G=3.7330 D_A=0.1360 D_B=0.1112
EPOCH 31/60 DONE: 310.0s lr=0.00014634 images/sec=45.41
epoch=32 step=109100 G=3.8596 D_A=0.0407 D_B=0.0487
epoch=32 step=109200 G=3.4925 D_A=0.0286 D_B=0.0936
epoch=32 step=109300 G=4.2516 D_A=0.0628 D_B=0.0372
epoch=32 step=109400 G=3.8845 D_A=0.0379 D_B=0.0387
epoch=32 step=109500 G=3.3202 D_A=0.1232 D_B=0.0921
epoch=32 step=109600 G=3.7425 D_A=0.1005 D_B=0.1773
epoch=32 step=109700 G=2.9407 D_A=0.0789 D_B=0.0959
epoch=32 step=109800 G=3.6001 D_A=0.1482 D_B=0.0655
epoch=32 step=109900 G=3.8087 D_A=0.0794 D_B=0.0297
epoch=32 step=110000 G=3.9213 D_A=0.0562 D_B=0.0540
epoch=32 step=110100 G=3.0421 D_A=0.0617 D_B=0.0733
epoch=32 step=110200 G=3.5941 D_A=0.0552 D_B=0.0791
epoch=32 step=110300 G=3.8741 D_A=0.1202 D_B=0.0377
epoch=32 step=110400 G=3.1427 D_A=0.0937 D_B=0.0818
epoch=32 step=110500 G=3.1643 D_A=0.1380 D_B=0.0813
epoch=32 step=110600 G=3.4181 D_A=0.0580 D_B=0.0496
epoch=32 step=110700 G=4.2475 D_A=0.0871 D_B=0.0403
epoch=32 step=110800 G=4.7203 D_A=0.0390 D_B=0.0606
epoch=32 step=110900 G=3.2714 D_A=0.1281 D_B=0.0663
epoch=32 step=111000 G=3.5804 D_A=0.0911 D_B=0.0839
epoch=32 step=111100 G=3.2270 D_A=0.0714 D_B=0.0613
epoch=32 step=111200 G=4.0425 D_A=0.1150 D_B=0.1313
epoch=32 step=111300 G=3.4238 D_A=0.0938 D_B=0.0526
epoch=32 step=111400 G=3.5149 D_A=0.0636 D_B=0.0690
epoch=32 step=111500 G=3.1195 D_A=0.0862 D_B=0.0743
epoch=32 step=111600 G=3.9578 D_A=0.0396 D_B=0.0834
epoch=32 step=111700 G=3.3141 D_A=0.0555 D_B=0.0458
epoch=32 step=111800 G=3.9351 D_A=0.0511 D_B=0.0915
epoch=32 step=111900 G=3.8187 D_A=0.0620 D_B=0.0657
epoch=32 step=112000 G=3.7239 D_A=0.0275 D_B=0.0686
epoch=32 step=112100 G=4.3951 D_A=0.0455 D_B=0.0714
epoch=32 step=112200 G=3.3397 D_A=0.0628 D_B=0.0791
epoch=32 step=112300 G=4.0192 D_A=0.0554 D_B=0.0406
epoch=32 step=112400 G=4.3509 D_A=0.0872 D_B=0.0970
epoch=32 step=112500 G=3.6393 D_A=0.0754 D_B=0.0913
epoch=32 step=112600 G=3.1351 D_A=0.1156 D_B=0.0620
EPOCH 32/60 DONE: 309.4s lr=0.00014146 images/sec=45.50
epoch=33 step=112700 G=3.5642 D_A=0.0961 D_B=0.0936
epoch=33 step=112800 G=3.4684 D_A=0.0620 D_B=0.0681
epoch=33 step=112900 G=3.2954 D_A=0.0347 D_B=0.0938
epoch=33 step=113000 G=3.2870 D_A=0.1047 D_B=0.0464
epoch=33 step=113100 G=3.9509 D_A=0.0495 D_B=0.0651
epoch=33 step=113200 G=3.8463 D_A=0.0446 D_B=0.0596
epoch=33 step=113300 G=3.3606 D_A=0.0381 D_B=0.0628
epoch=33 step=113400 G=4.1938 D_A=0.0717 D_B=0.0881
epoch=33 step=113500 G=3.6720 D_A=0.0863 D_B=0.0621
epoch=33 step=113600 G=4.0729 D_A=0.1669 D_B=0.0840
epoch=33 step=113700 G=3.8474 D_A=0.0456 D_B=0.0340
epoch=33 step=113800 G=4.1246 D_A=0.0533 D_B=0.0348
epoch=33 step=113900 G=3.4546 D_A=0.0673 D_B=0.0465
epoch=33 step=114000 G=3.5835 D_A=0.0650 D_B=0.0611
epoch=33 step=114100 G=3.2942 D_A=0.0938 D_B=0.0439
epoch=33 step=114200 G=4.1337 D_A=0.1148 D_B=0.0413
epoch=33 step=114300 G=4.6755 D_A=0.0922 D_B=0.0638
epoch=33 step=114400 G=4.2073 D_A=0.0437 D_B=0.0523
epoch=33 step=114500 G=3.6090 D_A=0.1744 D_B=0.0764
epoch=33 step=114600 G=4.3191 D_A=0.0315 D_B=0.0911
epoch=33 step=114700 G=4.6761 D_A=0.0556 D_B=0.0476
epoch=33 step=114800 G=3.3307 D_A=0.0481 D_B=0.0391
epoch=33 step=114900 G=4.1715 D_A=0.0376 D_B=0.0475
epoch=33 step=115000 G=3.2030 D_A=0.1264 D_B=0.0587
epoch=33 step=115100 G=3.6586 D_A=0.0688 D_B=0.0535
epoch=33 step=115200 G=3.3427 D_A=0.0535 D_B=0.0387
epoch=33 step=115300 G=3.7607 D_A=0.0893 D_B=0.0434
epoch=33 step=115400 G=3.3855 D_A=0.1642 D_B=0.0677
epoch=33 step=115500 G=3.7933 D_A=0.0532 D_B=0.0687
epoch=33 step=115600 G=4.3386 D_A=0.0478 D_B=0.0479
epoch=33 step=115700 G=3.9238 D_A=0.0717 D_B=0.0642
epoch=33 step=115800 G=3.2681 D_A=0.0422 D_B=0.0747
epoch=33 step=115900 G=6.2424 D_A=0.0480 D_B=0.0611
epoch=33 step=116000 G=4.4776 D_A=0.0440 D_B=0.0534
epoch=33 step=116100 G=3.6885 D_A=0.1558 D_B=0.0283
EPOCH 33/60 DONE: 311.8s lr=0.00013659 images/sec=45.14
epoch=34 step=116200 G=3.1943 D_A=0.0961 D_B=0.1487
epoch=34 step=116300 G=3.4074 D_A=0.1097 D_B=0.0299
epoch=34 step=116400 G=3.3932 D_A=0.0507 D_B=0.0670
epoch=34 step=116500 G=4.2373 D_A=0.1175 D_B=0.0606
epoch=34 step=116600 G=4.0798 D_A=0.0360 D_B=0.0364
epoch=34 step=116700 G=3.9401 D_A=0.0558 D_B=0.0308
epoch=34 step=116800 G=3.3301 D_A=0.1066 D_B=0.0651
epoch=34 step=116900 G=3.6458 D_A=0.1377 D_B=0.1070
epoch=34 step=117000 G=3.3918 D_A=0.0587 D_B=0.0547
epoch=34 step=117100 G=4.4000 D_A=0.0690 D_B=0.0598
epoch=34 step=117200 G=4.1153 D_A=0.0453 D_B=0.0684
epoch=34 step=117300 G=4.1369 D_A=0.0308 D_B=0.1237
epoch=34 step=117400 G=4.2452 D_A=0.0633 D_B=0.0487
epoch=34 step=117500 G=4.2509 D_A=0.0541 D_B=0.0487
epoch=34 step=117600 G=3.6125 D_A=0.0482 D_B=0.0482
epoch=34 step=117700 G=3.5693 D_A=0.0348 D_B=0.0659
epoch=34 step=117800 G=3.9336 D_A=0.0385 D_B=0.0318
epoch=34 step=117900 G=3.7162 D_A=0.1216 D_B=0.1042
epoch=34 step=118000 G=3.5054 D_A=0.0716 D_B=0.0348
epoch=34 step=118100 G=3.4450 D_A=0.0527 D_B=0.0541
epoch=34 step=118200 G=3.7025 D_A=0.0684 D_B=0.0405
epoch=34 step=118300 G=4.0782 D_A=0.0919 D_B=0.0738
epoch=34 step=118400 G=3.5217 D_A=0.0915 D_B=0.0562
epoch=34 step=118500 G=4.3351 D_A=0.1097 D_B=0.0228
epoch=34 step=118600 G=3.5579 D_A=0.1035 D_B=0.0510
epoch=34 step=118700 G=3.3161 D_A=0.0838 D_B=0.0983
epoch=34 step=118800 G=4.4786 D_A=0.0379 D_B=0.0615
epoch=34 step=118900 G=3.9838 D_A=0.0944 D_B=0.0640
epoch=34 step=119000 G=3.8122 D_A=0.0273 D_B=0.0567
epoch=34 step=119100 G=4.2795 D_A=0.0905 D_B=0.0723
epoch=34 step=119200 G=3.3593 D_A=0.0760 D_B=0.0542
epoch=34 step=119300 G=3.2878 D_A=0.0823 D_B=0.0599
epoch=34 step=119400 G=3.5937 D_A=0.0721 D_B=0.0544
epoch=34 step=119500 G=3.8730 D_A=0.0820 D_B=0.0422
epoch=34 step=119600 G=4.0233 D_A=0.0600 D_B=0.0496
EPOCH 34/60 DONE: 313.1s lr=0.00013171 images/sec=44.96
epoch=35 step=119700 G=2.9712 D_A=0.0624 D_B=0.0680
epoch=35 step=119800 G=3.6002 D_A=0.0236 D_B=0.0494
epoch=35 step=119900 G=3.3266 D_A=0.0313 D_B=0.0731
epoch=35 step=120000 G=4.8544 D_A=0.0467 D_B=0.0495
epoch=35 step=120100 G=3.3327 D_A=0.0415 D_B=0.0457
epoch=35 step=120200 G=3.2252 D_A=0.0482 D_B=0.0545
epoch=35 step=120300 G=3.5299 D_A=0.0422 D_B=0.0473
epoch=35 step=120400 G=4.3168 D_A=0.0454 D_B=0.0758
epoch=35 step=120500 G=3.7763 D_A=0.0993 D_B=0.0478
epoch=35 step=120600 G=3.0384 D_A=0.1038 D_B=0.0513
epoch=35 step=120700 G=3.9844 D_A=0.0789 D_B=0.0709
epoch=35 step=120800 G=3.7724 D_A=0.0713 D_B=0.0607
epoch=35 step=120900 G=3.8376 D_A=0.1040 D_B=0.0405
epoch=35 step=121000 G=3.6300 D_A=0.0409 D_B=0.1102
epoch=35 step=121100 G=3.5920 D_A=0.0819 D_B=0.0756
epoch=35 step=121200 G=3.2484 D_A=0.0467 D_B=0.0763
epoch=35 step=121300 G=3.6548 D_A=0.0233 D_B=0.1027
epoch=35 step=121400 G=3.9142 D_A=0.0797 D_B=0.0823
epoch=35 step=121500 G=3.9725 D_A=0.0374 D_B=0.0643
epoch=35 step=121600 G=3.8459 D_A=0.0386 D_B=0.0571
epoch=35 step=121700 G=4.4552 D_A=0.0557 D_B=0.1485
epoch=35 step=121800 G=3.3481 D_A=0.1182 D_B=0.0759
epoch=35 step=121900 G=3.3021 D_A=0.0557 D_B=0.0780
epoch=35 step=122000 G=3.8534 D_A=0.0551 D_B=0.0539
epoch=35 step=122100 G=3.2069 D_A=0.0489 D_B=0.0462
epoch=35 step=122200 G=3.3882 D_A=0.1096 D_B=0.0384
epoch=35 step=122300 G=4.0412 D_A=0.0536 D_B=0.0317
epoch=35 step=122400 G=3.8424 D_A=0.0657 D_B=0.0654
epoch=35 step=122500 G=3.3651 D_A=0.0765 D_B=0.0604
epoch=35 step=122600 G=3.4926 D_A=0.1160 D_B=0.0819
epoch=35 step=122700 G=3.2118 D_A=0.1144 D_B=0.0589
epoch=35 step=122800 G=4.3591 D_A=0.0726 D_B=0.0478
epoch=35 step=122900 G=3.2934 D_A=0.1854 D_B=0.0292
epoch=35 step=123000 G=3.4829 D_A=0.0966 D_B=0.0537
epoch=35 step=123100 G=2.7919 D_A=0.1227 D_B=0.1343
EPOCH 35/60 DONE: 310.9s lr=0.00012683 images/sec=45.27
epoch=36 step=123200 G=3.4718 D_A=0.0488 D_B=0.1138
epoch=36 step=123300 G=3.2920 D_A=0.0652 D_B=0.0508
epoch=36 step=123400 G=4.2421 D_A=0.0242 D_B=0.0365
epoch=36 step=123500 G=3.9363 D_A=0.1029 D_B=0.0295
epoch=36 step=123600 G=3.0085 D_A=0.0548 D_B=0.0698
epoch=36 step=123700 G=3.7087 D_A=0.1202 D_B=0.0538
epoch=36 step=123800 G=3.7102 D_A=0.0762 D_B=0.0431
epoch=36 step=123900 G=3.3911 D_A=0.0471 D_B=0.0364
epoch=36 step=124000 G=3.4044 D_A=0.0974 D_B=0.0443
epoch=36 step=124100 G=3.9436 D_A=0.0955 D_B=0.0521
epoch=36 step=124200 G=2.8483 D_A=0.1024 D_B=0.0523
epoch=36 step=124300 G=3.4996 D_A=0.0378 D_B=0.0602
epoch=36 step=124400 G=3.0616 D_A=0.0391 D_B=0.0519
epoch=36 step=124500 G=3.8897 D_A=0.0986 D_B=0.0644
epoch=36 step=124600 G=3.2644 D_A=0.0345 D_B=0.0635
epoch=36 step=124700 G=3.3595 D_A=0.0759 D_B=0.0683
epoch=36 step=124800 G=4.3267 D_A=0.0407 D_B=0.0618
epoch=36 step=124900 G=3.7380 D_A=0.0348 D_B=0.0601
epoch=36 step=125000 G=3.6881 D_A=0.0881 D_B=0.0738
epoch=36 step=125100 G=4.1343 D_A=0.0353 D_B=0.1212
epoch=36 step=125200 G=3.1351 D_A=0.0815 D_B=0.0445
epoch=36 step=125300 G=3.5362 D_A=0.0473 D_B=0.0711
epoch=36 step=125400 G=3.4113 D_A=0.0413 D_B=0.0713
epoch=36 step=125500 G=3.8370 D_A=0.0834 D_B=0.0585
epoch=36 step=125600 G=3.3778 D_A=0.0704 D_B=0.0393
epoch=36 step=125700 G=3.7819 D_A=0.0554 D_B=0.0673
epoch=36 step=125800 G=3.4834 D_A=0.0542 D_B=0.0417
epoch=36 step=125900 G=3.8401 D_A=0.0487 D_B=0.0461
epoch=36 step=126000 G=3.5969 D_A=0.0898 D_B=0.0376
epoch=36 step=126100 G=3.4645 D_A=0.0467 D_B=0.0732
epoch=36 step=126200 G=3.1513 D_A=0.0667 D_B=0.0577
epoch=36 step=126300 G=3.3794 D_A=0.0628 D_B=0.0437
epoch=36 step=126400 G=3.4107 D_A=0.0667 D_B=0.0644
epoch=36 step=126500 G=2.9502 D_A=0.1066 D_B=0.0434
epoch=36 step=126600 G=3.9904 D_A=0.0874 D_B=0.0627
EPOCH 36/60 DONE: 312.3s lr=0.00012195 images/sec=45.07
epoch=37 step=126700 G=3.4909 D_A=0.0509 D_B=0.0617
epoch=37 step=126800 G=3.6328 D_A=0.0562 D_B=0.0926
epoch=37 step=126900 G=3.9778 D_A=0.0589 D_B=0.0953
epoch=37 step=127000 G=3.3282 D_A=0.0725 D_B=0.0464
epoch=37 step=127100 G=3.5396 D_A=0.1029 D_B=0.1367
epoch=37 step=127200 G=3.5466 D_A=0.0458 D_B=0.0290
epoch=37 step=127300 G=3.7486 D_A=0.1262 D_B=0.0712
epoch=37 step=127400 G=3.6606 D_A=0.0543 D_B=0.0917
epoch=37 step=127500 G=3.6754 D_A=0.0649 D_B=0.0393
epoch=37 step=127600 G=3.2638 D_A=0.0947 D_B=0.0329
epoch=37 step=127700 G=2.9175 D_A=0.1723 D_B=0.0521
epoch=37 step=127800 G=3.5648 D_A=0.0697 D_B=0.0533
epoch=37 step=127900 G=3.5085 D_A=0.0906 D_B=0.0776
epoch=37 step=128000 G=3.8013 D_A=0.0408 D_B=0.0294
epoch=37 step=128100 G=6.3207 D_A=0.0609 D_B=0.0482
epoch=37 step=128200 G=3.0670 D_A=0.0570 D_B=0.0385
epoch=37 step=128300 G=3.3201 D_A=0.0713 D_B=0.0710
epoch=37 step=128400 G=3.1535 D_A=0.0427 D_B=0.0729
epoch=37 step=128500 G=3.3203 D_A=0.0800 D_B=0.0823
epoch=37 step=128600 G=3.4892 D_A=0.0388 D_B=0.0460
epoch=37 step=128700 G=3.6999 D_A=0.1397 D_B=0.0585
epoch=37 step=128800 G=3.6124 D_A=0.0529 D_B=0.0405
epoch=37 step=128900 G=3.5841 D_A=0.0712 D_B=0.0731
epoch=37 step=129000 G=3.0924 D_A=0.0838 D_B=0.0731
epoch=37 step=129100 G=3.9998 D_A=0.1298 D_B=0.0354
epoch=37 step=129200 G=3.1968 D_A=0.0602 D_B=0.1249
epoch=37 step=129300 G=4.2189 D_A=0.0476 D_B=0.0389
epoch=37 step=129400 G=3.5833 D_A=0.0779 D_B=0.0374
epoch=37 step=129500 G=3.6776 D_A=0.0641 D_B=0.0502
epoch=37 step=129600 G=3.7419 D_A=0.0609 D_B=0.0498
epoch=37 step=129700 G=3.6194 D_A=0.0736 D_B=0.0389
epoch=37 step=129800 G=2.6329 D_A=0.2091 D_B=0.0237
epoch=37 step=129900 G=3.3529 D_A=0.0720 D_B=0.0611
epoch=37 step=130000 G=3.3536 D_A=0.0415 D_B=0.0486
epoch=37 step=130100 G=4.0399 D_A=0.0404 D_B=0.0438
epoch=37 step=130200 G=3.6475 D_A=0.0594 D_B=0.0661
EPOCH 37/60 DONE: 312.7s lr=0.00011707 images/sec=45.02
epoch=38 step=130300 G=3.7059 D_A=0.1015 D_B=0.0452
epoch=38 step=130400 G=3.9061 D_A=0.0662 D_B=0.0647
epoch=38 step=130500 G=3.5145 D_A=0.0826 D_B=0.0260
epoch=38 step=130600 G=3.4957 D_A=0.0702 D_B=0.0525
epoch=38 step=130700 G=4.2986 D_A=0.0563 D_B=0.0447
epoch=38 step=130800 G=3.9247 D_A=0.0599 D_B=0.0713
epoch=38 step=130900 G=4.1131 D_A=0.0491 D_B=0.0481
epoch=38 step=131000 G=3.9203 D_A=0.0417 D_B=0.0239
epoch=38 step=131100 G=4.2944 D_A=0.0427 D_B=0.0281
epoch=38 step=131200 G=3.0371 D_A=0.0548 D_B=0.0451
epoch=38 step=131300 G=3.6623 D_A=0.0381 D_B=0.0484
epoch=38 step=131400 G=3.3170 D_A=0.0303 D_B=0.0663
epoch=38 step=131500 G=4.1084 D_A=0.0465 D_B=0.0711
epoch=38 step=131600 G=4.1096 D_A=0.0418 D_B=0.0528
epoch=38 step=131700 G=3.7622 D_A=0.0570 D_B=0.0322
epoch=38 step=131800 G=3.2199 D_A=0.0910 D_B=0.0430
epoch=38 step=131900 G=3.2049 D_A=0.0402 D_B=0.0424
epoch=38 step=132000 G=3.6499 D_A=0.0316 D_B=0.1144
epoch=38 step=132100 G=3.5157 D_A=0.0650 D_B=0.0500
epoch=38 step=132200 G=3.6962 D_A=0.0870 D_B=0.0548
epoch=38 step=132300 G=3.2654 D_A=0.1002 D_B=0.0689
epoch=38 step=132400 G=2.8164 D_A=0.0284 D_B=0.0363
epoch=38 step=132500 G=3.7086 D_A=0.0631 D_B=0.0469
epoch=38 step=132600 G=3.1807 D_A=0.0509 D_B=0.0652
epoch=38 step=132700 G=3.7506 D_A=0.0804 D_B=0.0347
epoch=38 step=132800 G=3.7402 D_A=0.0778 D_B=0.0323
epoch=38 step=132900 G=3.3330 D_A=0.0538 D_B=0.0708
epoch=38 step=133000 G=3.9184 D_A=0.0627 D_B=0.0330
epoch=38 step=133100 G=3.4498 D_A=0.0563 D_B=0.0834
epoch=38 step=133200 G=3.2229 D_A=0.0688 D_B=0.0711
epoch=38 step=133300 G=2.7965 D_A=0.0483 D_B=0.1073
epoch=38 step=133400 G=3.7948 D_A=0.0369 D_B=0.0797
epoch=38 step=133500 G=3.6006 D_A=0.0686 D_B=0.1097
epoch=38 step=133600 G=2.9031 D_A=0.0560 D_B=0.0519
epoch=38 step=133700 G=4.1058 D_A=0.0708 D_B=0.0608
EPOCH 38/60 DONE: 318.3s lr=0.00011220 images/sec=44.23
epoch=39 step=133800 G=3.8827 D_A=0.0440 D_B=0.0788
epoch=39 step=133900 G=3.5837 D_A=0.1348 D_B=0.0530
epoch=39 step=134000 G=3.1886 D_A=0.1375 D_B=0.0233
epoch=39 step=134100 G=3.0999 D_A=0.0552 D_B=0.0693
epoch=39 step=134200 G=3.3878 D_A=0.0881 D_B=0.0508
epoch=39 step=134300 G=4.3122 D_A=0.0623 D_B=0.0778
epoch=39 step=134400 G=3.3255 D_A=0.1282 D_B=0.0456
epoch=39 step=134500 G=3.8459 D_A=0.0473 D_B=0.0332
epoch=39 step=134600 G=3.8716 D_A=0.0616 D_B=0.0713
epoch=39 step=134700 G=2.9602 D_A=0.0513 D_B=0.0501
epoch=39 step=134800 G=3.3055 D_A=0.0485 D_B=0.0545
epoch=39 step=134900 G=3.1566 D_A=0.0717 D_B=0.0481
epoch=39 step=135000 G=4.3874 D_A=0.0577 D_B=0.0398
epoch=39 step=135100 G=4.0970 D_A=0.1284 D_B=0.0264
epoch=39 step=135200 G=3.9354 D_A=0.1034 D_B=0.0302
epoch=39 step=135300 G=2.8664 D_A=0.0755 D_B=0.1568
epoch=39 step=135400 G=3.6456 D_A=0.0735 D_B=0.0815
epoch=39 step=135500 G=3.7901 D_A=0.0370 D_B=0.0882
epoch=39 step=135600 G=3.8137 D_A=0.0263 D_B=0.0503
epoch=39 step=135700 G=3.6158 D_A=0.0807 D_B=0.0404
epoch=39 step=135800 G=3.5068 D_A=0.0381 D_B=0.0496
epoch=39 step=135900 G=3.7030 D_A=0.0997 D_B=0.0967
epoch=39 step=136000 G=3.2261 D_A=0.0747 D_B=0.0489
epoch=39 step=136100 G=3.1356 D_A=0.0637 D_B=0.0488
epoch=39 step=136200 G=3.5088 D_A=0.1073 D_B=0.1023
epoch=39 step=136300 G=3.6143 D_A=0.0466 D_B=0.0387
epoch=39 step=136400 G=3.9771 D_A=0.1113 D_B=0.0518
epoch=39 step=136500 G=4.1008 D_A=0.1295 D_B=0.0377
epoch=39 step=136600 G=4.4869 D_A=0.0674 D_B=0.0589
epoch=39 step=136700 G=3.9351 D_A=0.1952 D_B=0.0851
epoch=39 step=136800 G=3.5691 D_A=0.0723 D_B=0.0616
epoch=39 step=136900 G=3.6068 D_A=0.1039 D_B=0.0483
epoch=39 step=137000 G=3.3007 D_A=0.0338 D_B=0.0770
epoch=39 step=137100 G=3.5064 D_A=0.0673 D_B=0.0615
epoch=39 step=137200 G=3.7128 D_A=0.0291 D_B=0.0515
EPOCH 39/60 DONE: 318.9s lr=0.00010732 images/sec=44.14
epoch=40 step=137300 G=5.3854 D_A=0.0649 D_B=0.0774
epoch=40 step=137400 G=4.2658 D_A=0.1364 D_B=0.1030
epoch=40 step=137500 G=3.8470 D_A=0.0549 D_B=0.0927
epoch=40 step=137600 G=3.4015 D_A=0.0295 D_B=0.0336
epoch=40 step=137700 G=3.4191 D_A=0.0351 D_B=0.0614
epoch=40 step=137800 G=4.0827 D_A=0.0355 D_B=0.1360
epoch=40 step=137900 G=3.7736 D_A=0.0897 D_B=0.0466
epoch=40 step=138000 G=4.0640 D_A=0.0971 D_B=0.0413
epoch=40 step=138100 G=3.4669 D_A=0.0890 D_B=0.0360
epoch=40 step=138200 G=3.5703 D_A=0.0549 D_B=0.0352
epoch=40 step=138300 G=4.1653 D_A=0.0615 D_B=0.0737
epoch=40 step=138400 G=2.9147 D_A=0.0540 D_B=0.0572
epoch=40 step=138500 G=3.7554 D_A=0.0962 D_B=0.0905
epoch=40 step=138600 G=3.8692 D_A=0.0891 D_B=0.0493
epoch=40 step=138700 G=2.8655 D_A=0.0295 D_B=0.1708
epoch=40 step=138800 G=2.9745 D_A=0.0701 D_B=0.0711
epoch=40 step=138900 G=4.2996 D_A=0.0268 D_B=0.0729
epoch=40 step=139000 G=4.3349 D_A=0.0747 D_B=0.0727
epoch=40 step=139100 G=2.8373 D_A=0.0473 D_B=0.1156
epoch=40 step=139200 G=3.0119 D_A=0.0437 D_B=0.0664
epoch=40 step=139300 G=4.0673 D_A=0.0319 D_B=0.1411
epoch=40 step=139400 G=3.8375 D_A=0.0836 D_B=0.0387
epoch=40 step=139500 G=3.7382 D_A=0.0367 D_B=0.0313
epoch=40 step=139600 G=3.7970 D_A=0.0781 D_B=0.0333
epoch=40 step=139700 G=2.8503 D_A=0.0698 D_B=0.0680
epoch=40 step=139800 G=4.3820 D_A=0.0339 D_B=0.0457
epoch=40 step=139900 G=3.8520 D_A=0.0577 D_B=0.0417
epoch=40 step=140000 G=4.0189 D_A=0.0290 D_B=0.0552
epoch=40 step=140100 G=3.5631 D_A=0.0387 D_B=0.0600
epoch=40 step=140200 G=4.9645 D_A=0.0732 D_B=0.0424
epoch=40 step=140300 G=3.0452 D_A=0.0475 D_B=0.0993
epoch=40 step=140400 G=3.5137 D_A=0.0497 D_B=0.0413
epoch=40 step=140500 G=2.8314 D_A=0.0558 D_B=0.0580
epoch=40 step=140600 G=3.9653 D_A=0.1082 D_B=0.0973
epoch=40 step=140700 G=4.1337 D_A=0.1100 D_B=0.1266
EPOCH 40/60 DONE: 317.5s lr=0.00010244 images/sec=44.33
epoch=41 step=140800 G=3.2605 D_A=0.0283 D_B=0.0524
epoch=41 step=140900 G=3.1575 D_A=0.0564 D_B=0.0483
epoch=41 step=141000 G=2.7147 D_A=0.0704 D_B=0.0433
epoch=41 step=141100 G=3.2782 D_A=0.0906 D_B=0.0600
epoch=41 step=141200 G=3.8287 D_A=0.0887 D_B=0.0451
epoch=41 step=141300 G=3.8699 D_A=0.0459 D_B=0.0613
epoch=41 step=141400 G=3.3224 D_A=0.0669 D_B=0.0787
epoch=41 step=141500 G=4.3186 D_A=0.1282 D_B=0.0529
epoch=41 step=141600 G=3.9712 D_A=0.0751 D_B=0.0248
epoch=41 step=141700 G=3.6841 D_A=0.0307 D_B=0.0913
epoch=41 step=141800 G=3.4349 D_A=0.0761 D_B=0.0660
epoch=41 step=141900 G=3.7878 D_A=0.0943 D_B=0.0312
epoch=41 step=142000 G=4.4753 D_A=0.1111 D_B=0.0509
epoch=41 step=142100 G=3.0366 D_A=0.0631 D_B=0.0629
epoch=41 step=142200 G=3.6008 D_A=0.0539 D_B=0.0445
epoch=41 step=142300 G=3.8958 D_A=0.0401 D_B=0.0491
epoch=41 step=142400 G=3.5204 D_A=0.0416 D_B=0.0901
epoch=41 step=142500 G=3.9596 D_A=0.0513 D_B=0.0277
epoch=41 step=142600 G=4.3590 D_A=0.0431 D_B=0.0583
epoch=41 step=142700 G=3.6729 D_A=0.0421 D_B=0.0960
epoch=41 step=142800 G=3.5867 D_A=0.0641 D_B=0.0440
epoch=41 step=142900 G=3.1220 D_A=0.0591 D_B=0.0622
epoch=41 step=143000 G=3.7352 D_A=0.0669 D_B=0.0465
epoch=41 step=143100 G=4.5902 D_A=0.0519 D_B=0.0650
epoch=41 step=143200 G=4.6860 D_A=0.0836 D_B=0.0334
epoch=41 step=143300 G=3.6584 D_A=0.0631 D_B=0.0447
epoch=41 step=143400 G=3.3462 D_A=0.1175 D_B=0.0407
epoch=41 step=143500 G=3.7739 D_A=0.0662 D_B=0.0354
epoch=41 step=143600 G=3.5671 D_A=0.0621 D_B=0.0796
epoch=41 step=143700 G=3.9032 D_A=0.0475 D_B=0.0677
epoch=41 step=143800 G=4.7525 D_A=0.0686 D_B=0.0477
epoch=41 step=143900 G=3.1968 D_A=0.0410 D_B=0.0489
epoch=41 step=144000 G=3.1873 D_A=0.1148 D_B=0.0530
epoch=41 step=144100 G=3.6467 D_A=0.0532 D_B=0.0382
epoch=41 step=144200 G=3.4043 D_A=0.0319 D_B=0.0556
EPOCH 41/60 DONE: 318.0s lr=0.00009756 images/sec=44.26
epoch=42 step=144300 G=3.4068 D_A=0.0933 D_B=0.0421
epoch=42 step=144400 G=3.2512 D_A=0.0896 D_B=0.0504
epoch=42 step=144500 G=3.2446 D_A=0.0547 D_B=0.0240
epoch=42 step=144600 G=3.3217 D_A=0.0702 D_B=0.0817
epoch=42 step=144700 G=4.1019 D_A=0.0364 D_B=0.0464
epoch=42 step=144800 G=3.5558 D_A=0.0416 D_B=0.0811
epoch=42 step=144900 G=3.1544 D_A=0.0448 D_B=0.0627
epoch=42 step=145000 G=3.4662 D_A=0.0633 D_B=0.0246
epoch=42 step=145100 G=3.2625 D_A=0.0885 D_B=0.0810
epoch=42 step=145200 G=3.2893 D_A=0.0662 D_B=0.0466
epoch=42 step=145300 G=3.8753 D_A=0.0264 D_B=0.0417
epoch=42 step=145400 G=3.5701 D_A=0.0832 D_B=0.0688
epoch=42 step=145500 G=3.4864 D_A=0.0829 D_B=0.0346
epoch=42 step=145600 G=4.1974 D_A=0.0431 D_B=0.0428
epoch=42 step=145700 G=3.9750 D_A=0.0576 D_B=0.0401
epoch=42 step=145800 G=3.6973 D_A=0.0728 D_B=0.0423
epoch=42 step=145900 G=3.7852 D_A=0.1326 D_B=0.0681
epoch=42 step=146000 G=3.8424 D_A=0.0370 D_B=0.0521
epoch=42 step=146100 G=3.1338 D_A=0.0336 D_B=0.0894
epoch=42 step=146200 G=3.1021 D_A=0.0484 D_B=0.1166
epoch=42 step=146300 G=3.5476 D_A=0.0285 D_B=0.0377
epoch=42 step=146400 G=3.0363 D_A=0.0694 D_B=0.0424
epoch=42 step=146500 G=4.0443 D_A=0.0717 D_B=0.0476
epoch=42 step=146600 G=3.9269 D_A=0.0298 D_B=0.0376
epoch=42 step=146700 G=3.7930 D_A=0.0688 D_B=0.1400
epoch=42 step=146800 G=3.5688 D_A=0.0743 D_B=0.0655
epoch=42 step=146900 G=3.9416 D_A=0.0713 D_B=0.1146
epoch=42 step=147000 G=3.3334 D_A=0.0621 D_B=0.0307
epoch=42 step=147100 G=3.2974 D_A=0.0714 D_B=0.0354
epoch=42 step=147200 G=3.6839 D_A=0.0488 D_B=0.0497
epoch=42 step=147300 G=2.7963 D_A=0.0286 D_B=0.0670
epoch=42 step=147400 G=3.3384 D_A=0.0713 D_B=0.1020
epoch=42 step=147500 G=3.8346 D_A=0.0508 D_B=0.0541
epoch=42 step=147600 G=3.2574 D_A=0.0371 D_B=0.0574
epoch=42 step=147700 G=3.4685 D_A=0.0369 D_B=0.0464
EPOCH 42/60 DONE: 316.6s lr=0.00009268 images/sec=44.46
epoch=43 step=147800 G=3.4352 D_A=0.0233 D_B=0.0345
epoch=43 step=147900 G=4.0431 D_A=0.0265 D_B=0.0216
epoch=43 step=148000 G=3.8626 D_A=0.0303 D_B=0.0296
epoch=43 step=148100 G=3.4239 D_A=0.0898 D_B=0.1022
epoch=43 step=148200 G=3.6231 D_A=0.0305 D_B=0.0235
epoch=43 step=148300 G=3.3993 D_A=0.0355 D_B=0.0375
epoch=43 step=148400 G=4.0720 D_A=0.0940 D_B=0.0894
epoch=43 step=148500 G=3.2084 D_A=0.0786 D_B=0.0317
epoch=43 step=148600 G=3.6811 D_A=0.0278 D_B=0.1103
epoch=43 step=148700 G=3.6342 D_A=0.0730 D_B=0.0861
epoch=43 step=148800 G=3.6695 D_A=0.0487 D_B=0.0453
epoch=43 step=148900 G=3.5765 D_A=0.0384 D_B=0.0450
epoch=43 step=149000 G=4.0818 D_A=0.0547 D_B=0.0336
epoch=43 step=149100 G=4.1003 D_A=0.1205 D_B=0.0580
epoch=43 step=149200 G=4.1916 D_A=0.0471 D_B=0.1005
epoch=43 step=149300 G=3.7686 D_A=0.0476 D_B=0.0337
epoch=43 step=149400 G=2.7480 D_A=0.1040 D_B=0.0775
epoch=43 step=149500 G=4.2839 D_A=0.0703 D_B=0.0915
epoch=43 step=149600 G=3.6354 D_A=0.0651 D_B=0.0236
epoch=43 step=149700 G=3.4843 D_A=0.0406 D_B=0.0300
epoch=43 step=149800 G=3.8752 D_A=0.0344 D_B=0.0512
epoch=43 step=149900 G=3.0528 D_A=0.0483 D_B=0.0395
epoch=43 step=150000 G=3.5023 D_A=0.0545 D_B=0.0593
epoch=43 step=150100 G=3.7777 D_A=0.1036 D_B=0.0812
epoch=43 step=150200 G=4.1869 D_A=0.0621 D_B=0.0379
epoch=43 step=150300 G=3.4619 D_A=0.0594 D_B=0.0370
epoch=43 step=150400 G=3.4137 D_A=0.0459 D_B=0.0599
epoch=43 step=150500 G=3.6108 D_A=0.0994 D_B=0.0348
epoch=43 step=150600 G=3.5994 D_A=0.0277 D_B=0.0346
epoch=43 step=150700 G=2.8664 D_A=0.0431 D_B=0.0393
epoch=43 step=150800 G=4.1577 D_A=0.0421 D_B=0.0730
epoch=43 step=150900 G=4.0776 D_A=0.0411 D_B=0.0409
epoch=43 step=151000 G=3.9996 D_A=0.0413 D_B=0.0902
epoch=43 step=151100 G=3.7064 D_A=0.0353 D_B=0.0268
epoch=43 step=151200 G=4.0081 D_A=0.0517 D_B=0.0520
epoch=43 step=151300 G=3.5797 D_A=0.0625 D_B=0.0429
EPOCH 43/60 DONE: 317.3s lr=0.00008780 images/sec=44.36
epoch=44 step=151400 G=3.5197 D_A=0.0618 D_B=0.0911
epoch=44 step=151500 G=3.6399 D_A=0.0278 D_B=0.0539
epoch=44 step=151600 G=3.4836 D_A=0.0547 D_B=0.0724
epoch=44 step=151700 G=3.3688 D_A=0.0838 D_B=0.0493
epoch=44 step=151800 G=3.5864 D_A=0.0358 D_B=0.1052
epoch=44 step=151900 G=4.3133 D_A=0.0422 D_B=0.1175
epoch=44 step=152000 G=3.6252 D_A=0.1493 D_B=0.0399
epoch=44 step=152100 G=3.0717 D_A=0.0437 D_B=0.0775
epoch=44 step=152200 G=3.2148 D_A=0.0445 D_B=0.0443
epoch=44 step=152300 G=3.5636 D_A=0.0673 D_B=0.0429
epoch=44 step=152400 G=3.7503 D_A=0.0401 D_B=0.0606
epoch=44 step=152500 G=3.7051 D_A=0.0221 D_B=0.0395
epoch=44 step=152600 G=3.3503 D_A=0.0560 D_B=0.0853
epoch=44 step=152700 G=4.2640 D_A=0.0508 D_B=0.0704
epoch=44 step=152800 G=3.3045 D_A=0.0995 D_B=0.0537
epoch=44 step=152900 G=3.1563 D_A=0.0809 D_B=0.0490
epoch=44 step=153000 G=3.6204 D_A=0.0779 D_B=0.0715
epoch=44 step=153100 G=4.1732 D_A=0.0458 D_B=0.0473
epoch=44 step=153200 G=3.3109 D_A=0.0408 D_B=0.0570
epoch=44 step=153300 G=3.3292 D_A=0.0701 D_B=0.0377
epoch=44 step=153400 G=3.5511 D_A=0.0395 D_B=0.0512
epoch=44 step=153500 G=3.6367 D_A=0.0649 D_B=0.0773
epoch=44 step=153600 G=3.4263 D_A=0.0487 D_B=0.0693
epoch=44 step=153700 G=3.7135 D_A=0.0262 D_B=0.0627
epoch=44 step=153800 G=4.1492 D_A=0.0464 D_B=0.0400
epoch=44 step=153900 G=3.4819 D_A=0.0581 D_B=0.1077
epoch=44 step=154000 G=3.3578 D_A=0.0467 D_B=0.0516
epoch=44 step=154100 G=3.5440 D_A=0.0776 D_B=0.0511
epoch=44 step=154200 G=4.1105 D_A=0.0378 D_B=0.0696
epoch=44 step=154300 G=3.6036 D_A=0.1417 D_B=0.0570
epoch=44 step=154400 G=4.0054 D_A=0.0447 D_B=0.0401
epoch=44 step=154500 G=3.4055 D_A=0.0673 D_B=0.0425
epoch=44 step=154600 G=3.1313 D_A=0.0826 D_B=0.0602
epoch=44 step=154700 G=3.7116 D_A=0.0519 D_B=0.0387
epoch=44 step=154800 G=3.3173 D_A=0.0510 D_B=0.0723
EPOCH 44/60 DONE: 321.4s lr=0.00008293 images/sec=43.80
epoch=45 step=154900 G=3.2382 D_A=0.0634 D_B=0.0894
epoch=45 step=155000 G=3.8767 D_A=0.1066 D_B=0.0368
epoch=45 step=155100 G=3.3702 D_A=0.0375 D_B=0.0334
epoch=45 step=155200 G=3.5211 D_A=0.0903 D_B=0.0633
epoch=45 step=155300 G=4.0730 D_A=0.0396 D_B=0.0339
epoch=45 step=155400 G=4.4729 D_A=0.0460 D_B=0.0797
epoch=45 step=155500 G=3.2626 D_A=0.0726 D_B=0.0529
epoch=45 step=155600 G=3.8991 D_A=0.0354 D_B=0.0693
epoch=45 step=155700 G=3.0650 D_A=0.0248 D_B=0.0485
epoch=45 step=155800 G=3.5873 D_A=0.0767 D_B=0.0637
epoch=45 step=155900 G=3.8831 D_A=0.0468 D_B=0.0367
epoch=45 step=156000 G=3.1643 D_A=0.0706 D_B=0.2986
epoch=45 step=156100 G=3.3215 D_A=0.0572 D_B=0.0687
epoch=45 step=156200 G=5.5585 D_A=0.0601 D_B=0.0524
epoch=45 step=156300 G=3.6230 D_A=0.0243 D_B=0.0911
epoch=45 step=156400 G=3.2889 D_A=0.0727 D_B=0.0766
epoch=45 step=156500 G=3.1310 D_A=0.0766 D_B=0.0257
epoch=45 step=156600 G=3.1551 D_A=0.0340 D_B=0.0461
epoch=45 step=156700 G=3.3495 D_A=0.0216 D_B=0.0367
epoch=45 step=156800 G=3.8472 D_A=0.0540 D_B=0.0484
epoch=45 step=156900 G=3.8830 D_A=0.0552 D_B=0.0482
epoch=45 step=157000 G=3.1306 D_A=0.0732 D_B=0.0407
epoch=45 step=157100 G=3.9175 D_A=0.0269 D_B=0.0377
epoch=45 step=157200 G=2.9623 D_A=0.0366 D_B=0.0831
epoch=45 step=157300 G=3.3586 D_A=0.0734 D_B=0.0542
epoch=45 step=157400 G=3.3680 D_A=0.0630 D_B=0.0462
epoch=45 step=157500 G=3.2528 D_A=0.0471 D_B=0.0240
epoch=45 step=157600 G=3.6207 D_A=0.0541 D_B=0.0650
epoch=45 step=157700 G=3.7231 D_A=0.0439 D_B=0.0504
epoch=45 step=157800 G=3.6205 D_A=0.0285 D_B=0.0302
epoch=45 step=157900 G=2.8656 D_A=0.0836 D_B=0.0457
epoch=45 step=158000 G=3.2985 D_A=0.0953 D_B=0.1233
epoch=45 step=158100 G=4.0322 D_A=0.0365 D_B=0.0449
epoch=45 step=158200 G=4.1117 D_A=0.0454 D_B=0.0239
epoch=45 step=158300 G=3.6295 D_A=0.0829 D_B=0.0425
EPOCH 45/60 DONE: 317.3s lr=0.00007805 images/sec=44.36
epoch=46 step=158400 G=2.8068 D_A=0.0924 D_B=0.0504
epoch=46 step=158500 G=3.9038 D_A=0.0351 D_B=0.0554
epoch=46 step=158600 G=3.6017 D_A=0.0526 D_B=0.0806
epoch=46 step=158700 G=4.0977 D_A=0.0535 D_B=0.0776
epoch=46 step=158800 G=3.8722 D_A=0.0778 D_B=0.0538
epoch=46 step=158900 G=3.7945 D_A=0.0442 D_B=0.0355
epoch=46 step=159000 G=3.2392 D_A=0.0824 D_B=0.0477
epoch=46 step=159100 G=3.0860 D_A=0.0266 D_B=0.0456
epoch=46 step=159200 G=3.8382 D_A=0.0410 D_B=0.0635
epoch=46 step=159300 G=4.9407 D_A=0.0295 D_B=0.0552
epoch=46 step=159400 G=3.9548 D_A=0.0396 D_B=0.0660
epoch=46 step=159500 G=3.6002 D_A=0.0707 D_B=0.0280
epoch=46 step=159600 G=3.3845 D_A=0.1107 D_B=0.0605
epoch=46 step=159700 G=4.0115 D_A=0.0485 D_B=0.0595
epoch=46 step=159800 G=4.1767 D_A=0.0501 D_B=0.0498
epoch=46 step=159900 G=3.3089 D_A=0.0690 D_B=0.0539
epoch=46 step=160000 G=4.1176 D_A=0.0339 D_B=0.0528
epoch=46 step=160100 G=3.0251 D_A=0.0571 D_B=0.0819
epoch=46 step=160200 G=3.2652 D_A=0.0662 D_B=0.0642
epoch=46 step=160300 G=3.4677 D_A=0.0510 D_B=0.0368
epoch=46 step=160400 G=3.5181 D_A=0.0344 D_B=0.0453
epoch=46 step=160500 G=3.2069 D_A=0.0314 D_B=0.0912
epoch=46 step=160600 G=4.4656 D_A=0.0979 D_B=0.0285
epoch=46 step=160700 G=4.5971 D_A=0.0668 D_B=0.0984
epoch=46 step=160800 G=3.7835 D_A=0.0283 D_B=0.0352
epoch=46 step=160900 G=3.4319 D_A=0.0341 D_B=0.1128
epoch=46 step=161000 G=3.6463 D_A=0.0294 D_B=0.0375
epoch=46 step=161100 G=3.4918 D_A=0.0493 D_B=0.0685
epoch=46 step=161200 G=3.4546 D_A=0.0392 D_B=0.0423
epoch=46 step=161300 G=3.0357 D_A=0.0440 D_B=0.0462
epoch=46 step=161400 G=2.8822 D_A=0.0678 D_B=0.0512
epoch=46 step=161500 G=3.8530 D_A=0.0509 D_B=0.0236
epoch=46 step=161600 G=3.7302 D_A=0.0506 D_B=0.0633
epoch=46 step=161700 G=3.6606 D_A=0.0276 D_B=0.0648
epoch=46 step=161800 G=4.3644 D_A=0.0577 D_B=0.0680
EPOCH 46/60 DONE: 318.3s lr=0.00007317 images/sec=44.22
epoch=47 step=161900 G=3.4391 D_A=0.0417 D_B=0.0415
epoch=47 step=162000 G=3.7621 D_A=0.0259 D_B=0.0935
epoch=47 step=162100 G=4.2492 D_A=0.0630 D_B=0.1572
epoch=47 step=162200 G=3.8052 D_A=0.0462 D_B=0.0610
epoch=47 step=162300 G=3.4430 D_A=0.0772 D_B=0.0355
epoch=47 step=162400 G=3.2992 D_A=0.0315 D_B=0.0483
epoch=47 step=162500 G=3.3134 D_A=0.0371 D_B=0.0394
epoch=47 step=162600 G=3.6958 D_A=0.0386 D_B=0.0274
epoch=47 step=162700 G=2.9879 D_A=0.0655 D_B=0.0786
epoch=47 step=162800 G=3.0797 D_A=0.0421 D_B=0.0661
epoch=47 step=162900 G=3.0974 D_A=0.0463 D_B=0.0398
epoch=47 step=163000 G=3.9747 D_A=0.0613 D_B=0.0817
epoch=47 step=163100 G=3.9453 D_A=0.0227 D_B=0.0381
epoch=47 step=163200 G=3.5208 D_A=0.1024 D_B=0.0384
epoch=47 step=163300 G=3.2075 D_A=0.0460 D_B=0.0460
epoch=47 step=163400 G=3.5323 D_A=0.0271 D_B=0.0301
epoch=47 step=163500 G=3.7591 D_A=0.0440 D_B=0.1211
epoch=47 step=163600 G=3.5254 D_A=0.0367 D_B=0.0745
epoch=47 step=163700 G=3.6025 D_A=0.0428 D_B=0.0393
epoch=47 step=163800 G=4.0812 D_A=0.0247 D_B=0.0926
epoch=47 step=163900 G=4.5001 D_A=0.0380 D_B=0.0546
epoch=47 step=164000 G=3.5232 D_A=0.0444 D_B=0.0258
epoch=47 step=164100 G=3.3125 D_A=0.0537 D_B=0.0337
epoch=47 step=164200 G=4.2660 D_A=0.0771 D_B=0.0483
epoch=47 step=164300 G=3.5138 D_A=0.0437 D_B=0.0765
epoch=47 step=164400 G=4.4185 D_A=0.0532 D_B=0.0483
epoch=47 step=164500 G=3.7658 D_A=0.0473 D_B=0.0541
epoch=47 step=164600 G=3.9011 D_A=0.0435 D_B=0.1089
epoch=47 step=164700 G=3.2402 D_A=0.0309 D_B=0.0490
epoch=47 step=164800 G=3.3788 D_A=0.0533 D_B=0.0456
epoch=47 step=164900 G=3.9769 D_A=0.0271 D_B=0.0300
epoch=47 step=165000 G=3.8392 D_A=0.0648 D_B=0.0317
epoch=47 step=165100 G=4.1034 D_A=0.0401 D_B=0.0553
epoch=47 step=165200 G=3.4216 D_A=0.0513 D_B=0.0318
epoch=47 step=165300 G=3.3826 D_A=0.0434 D_B=0.0416
EPOCH 47/60 DONE: 318.5s lr=0.00006829 images/sec=44.20
epoch=48 step=165400 G=3.7911 D_A=0.0529 D_B=0.0226
epoch=48 step=165500 G=3.2707 D_A=0.0338 D_B=0.0581
epoch=48 step=165600 G=3.4156 D_A=0.0428 D_B=0.0667
epoch=48 step=165700 G=3.1156 D_A=0.0692 D_B=0.0372
epoch=48 step=165800 G=3.5104 D_A=0.0741 D_B=0.1040
epoch=48 step=165900 G=3.1103 D_A=0.0708 D_B=0.0408
epoch=48 step=166000 G=4.2842 D_A=0.0429 D_B=0.0317
epoch=48 step=166100 G=3.2852 D_A=0.0965 D_B=0.0393
epoch=48 step=166200 G=3.7822 D_A=0.0384 D_B=0.0682
epoch=48 step=166300 G=3.4608 D_A=0.0794 D_B=0.0576
epoch=48 step=166400 G=3.9843 D_A=0.0258 D_B=0.0274
epoch=48 step=166500 G=3.4204 D_A=0.0696 D_B=0.0735
epoch=48 step=166600 G=3.0726 D_A=0.0317 D_B=0.0378
epoch=48 step=166700 G=3.7016 D_A=0.0621 D_B=0.0728
epoch=48 step=166800 G=3.7737 D_A=0.0271 D_B=0.0960
epoch=48 step=166900 G=3.8954 D_A=0.0643 D_B=0.0536
epoch=48 step=167000 G=4.3436 D_A=0.0812 D_B=0.0363
epoch=48 step=167100 G=3.1872 D_A=0.0378 D_B=0.0394
epoch=48 step=167200 G=3.0009 D_A=0.0327 D_B=0.0283
epoch=48 step=167300 G=3.3120 D_A=0.0898 D_B=0.0507
epoch=48 step=167400 G=3.4913 D_A=0.0392 D_B=0.0858
epoch=48 step=167500 G=3.3923 D_A=0.0340 D_B=0.0473
epoch=48 step=167600 G=4.2858 D_A=0.0884 D_B=0.0561
epoch=48 step=167700 G=3.8409 D_A=0.0862 D_B=0.0476
epoch=48 step=167800 G=3.5179 D_A=0.0301 D_B=0.0347
epoch=48 step=167900 G=3.1907 D_A=0.0635 D_B=0.0903
epoch=48 step=168000 G=3.5502 D_A=0.0460 D_B=0.0319
epoch=48 step=168100 G=3.7185 D_A=0.0370 D_B=0.0239
epoch=48 step=168200 G=3.5064 D_A=0.0219 D_B=0.0426
epoch=48 step=168300 G=3.2187 D_A=0.0561 D_B=0.0772
epoch=48 step=168400 G=3.6418 D_A=0.0686 D_B=0.0629
epoch=48 step=168500 G=3.9532 D_A=0.0547 D_B=0.0244
epoch=48 step=168600 G=3.5933 D_A=0.0705 D_B=0.0625
epoch=48 step=168700 G=3.3041 D_A=0.0289 D_B=0.0456
epoch=48 step=168800 G=3.3803 D_A=0.0619 D_B=0.0361
epoch=48 step=168900 G=3.4999 D_A=0.0410 D_B=0.0741
EPOCH 48/60 DONE: 333.5s lr=0.00006341 images/sec=42.20
epoch=49 step=169000 G=4.1410 D_A=0.0511 D_B=0.0596
epoch=49 step=169100 G=3.7149 D_A=0.0604 D_B=0.0364
epoch=49 step=169200 G=3.4953 D_A=0.0384 D_B=0.0642
epoch=49 step=169300 G=3.5219 D_A=0.0362 D_B=0.0339
epoch=49 step=169400 G=4.0694 D_A=0.0423 D_B=0.0251
epoch=49 step=169500 G=4.0202 D_A=0.0951 D_B=0.1059
epoch=49 step=169600 G=3.4617 D_A=0.0339 D_B=0.0344
epoch=49 step=169700 G=3.7667 D_A=0.0421 D_B=0.0234
epoch=49 step=169800 G=3.6963 D_A=0.0282 D_B=0.0345
epoch=49 step=169900 G=3.6027 D_A=0.0386 D_B=0.0307
epoch=49 step=170000 G=3.7837 D_A=0.0320 D_B=0.0516
epoch=49 step=170100 G=4.5254 D_A=0.0903 D_B=0.0448
epoch=49 step=170200 G=2.7910 D_A=0.0538 D_B=0.0643
epoch=49 step=170300 G=3.7999 D_A=0.0554 D_B=0.0499
epoch=49 step=170400 G=3.9901 D_A=0.0468 D_B=0.0582
epoch=49 step=170500 G=3.6454 D_A=0.0386 D_B=0.0456
epoch=49 step=170600 G=3.7806 D_A=0.0603 D_B=0.0500
epoch=49 step=170700 G=3.5086 D_A=0.0340 D_B=0.0595
epoch=49 step=170800 G=3.6326 D_A=0.0239 D_B=0.0379
epoch=49 step=170900 G=4.0146 D_A=0.1115 D_B=0.0513
epoch=49 step=171000 G=3.4694 D_A=0.0418 D_B=0.0623
epoch=49 step=171100 G=3.3658 D_A=0.0474 D_B=0.0315
epoch=49 step=171200 G=3.5510 D_A=0.0430 D_B=0.0472
epoch=49 step=171300 G=3.5003 D_A=0.0480 D_B=0.0457
epoch=49 step=171400 G=3.7633 D_A=0.0597 D_B=0.0418
epoch=49 step=171500 G=3.4971 D_A=0.0482 D_B=0.0644
epoch=49 step=171600 G=3.8181 D_A=0.0343 D_B=0.0584
epoch=49 step=171700 G=3.9816 D_A=0.0266 D_B=0.0633
epoch=49 step=171800 G=3.4014 D_A=0.0313 D_B=0.0548
epoch=49 step=171900 G=4.0234 D_A=0.0486 D_B=0.0221
epoch=49 step=172000 G=3.2044 D_A=0.0350 D_B=0.0900
epoch=49 step=172100 G=3.5998 D_A=0.0955 D_B=0.0230
epoch=49 step=172200 G=3.5433 D_A=0.0297 D_B=0.0469
epoch=49 step=172300 G=3.4252 D_A=0.0394 D_B=0.0391
epoch=49 step=172400 G=3.8673 D_A=0.0250 D_B=0.0599
EPOCH 49/60 DONE: 333.2s lr=0.00005854 images/sec=42.24
epoch=50 step=172500 G=3.1272 D_A=0.0617 D_B=0.0727
epoch=50 step=172600 G=3.4272 D_A=0.0292 D_B=0.0621
epoch=50 step=172700 G=4.1275 D_A=0.0369 D_B=0.0367
epoch=50 step=172800 G=3.4926 D_A=0.0595 D_B=0.0363
epoch=50 step=172900 G=3.6443 D_A=0.0304 D_B=0.0273
epoch=50 step=173000 G=3.2918 D_A=0.0484 D_B=0.0390
epoch=50 step=173100 G=3.4356 D_A=0.0375 D_B=0.0386
epoch=50 step=173200 G=4.6186 D_A=0.0327 D_B=0.0492
epoch=50 step=173300 G=3.1780 D_A=0.0530 D_B=0.0745
epoch=50 step=173400 G=3.3058 D_A=0.0502 D_B=0.0290
epoch=50 step=173500 G=3.4227 D_A=0.0346 D_B=0.0279
epoch=50 step=173600 G=4.0612 D_A=0.0547 D_B=0.0411
epoch=50 step=173700 G=3.1827 D_A=0.0505 D_B=0.0355
epoch=50 step=173800 G=3.0002 D_A=0.0916 D_B=0.0464
epoch=50 step=173900 G=3.7091 D_A=0.0398 D_B=0.0343
epoch=50 step=174000 G=2.9383 D_A=0.0425 D_B=0.0375
epoch=50 step=174100 G=4.1754 D_A=0.0337 D_B=0.1032
epoch=50 step=174200 G=3.2944 D_A=0.1209 D_B=0.0422
epoch=50 step=174300 G=4.4829 D_A=0.0345 D_B=0.0511
epoch=50 step=174400 G=3.4344 D_A=0.0602 D_B=0.0492
epoch=50 step=174500 G=4.9172 D_A=0.0481 D_B=0.0971
epoch=50 step=174600 G=3.2714 D_A=0.0637 D_B=0.0313
epoch=50 step=174700 G=3.2438 D_A=0.0450 D_B=0.0364
epoch=50 step=174800 G=3.7404 D_A=0.0208 D_B=0.0509
epoch=50 step=174900 G=3.8522 D_A=0.0377 D_B=0.0275
epoch=50 step=175000 G=4.0662 D_A=0.0469 D_B=0.0788
epoch=50 step=175100 G=3.9241 D_A=0.0332 D_B=0.0362
epoch=50 step=175200 G=3.0126 D_A=0.0530 D_B=0.0464
epoch=50 step=175300 G=3.8774 D_A=0.0414 D_B=0.0517
epoch=50 step=175400 G=3.7059 D_A=0.0329 D_B=0.0419
epoch=50 step=175500 G=4.0512 D_A=0.0220 D_B=0.0370
epoch=50 step=175600 G=3.6266 D_A=0.0438 D_B=0.0653
epoch=50 step=175700 G=3.6859 D_A=0.0447 D_B=0.1057
epoch=50 step=175800 G=3.9517 D_A=0.0808 D_B=0.0326
epoch=50 step=175900 G=3.1483 D_A=0.0256 D_B=0.0384
EPOCH 50/60 DONE: 329.2s lr=0.00005366 images/sec=42.76
epoch=51 step=176000 G=3.8860 D_A=0.0565 D_B=0.0270
epoch=51 step=176100 G=3.5953 D_A=0.0536 D_B=0.0428
epoch=51 step=176200 G=3.9578 D_A=0.0640 D_B=0.0393
epoch=51 step=176300 G=3.8097 D_A=0.0313 D_B=0.0368
epoch=51 step=176400 G=4.0088 D_A=0.0278 D_B=0.0325
epoch=51 step=176500 G=4.7301 D_A=0.0773 D_B=0.0646
epoch=51 step=176600 G=4.7931 D_A=0.0347 D_B=0.0997
epoch=51 step=176700 G=3.9942 D_A=0.0357 D_B=0.0295
epoch=51 step=176800 G=3.3342 D_A=0.0411 D_B=0.0293
epoch=51 step=176900 G=3.4892 D_A=0.0612 D_B=0.1063
epoch=51 step=177000 G=3.2174 D_A=0.0371 D_B=0.0584
epoch=51 step=177100 G=3.3689 D_A=0.0470 D_B=0.0612
epoch=51 step=177200 G=3.4487 D_A=0.0608 D_B=0.0840
epoch=51 step=177300 G=4.1909 D_A=0.0633 D_B=0.0617
epoch=51 step=177400 G=3.2894 D_A=0.0416 D_B=0.0390
epoch=51 step=177500 G=4.4005 D_A=0.0395 D_B=0.0297
epoch=51 step=177600 G=3.4212 D_A=0.0440 D_B=0.0472
epoch=51 step=177700 G=3.3752 D_A=0.0653 D_B=0.0354
epoch=51 step=177800 G=3.1753 D_A=0.0555 D_B=0.0517
epoch=51 step=177900 G=3.9812 D_A=0.0410 D_B=0.0797
epoch=51 step=178000 G=3.3614 D_A=0.0494 D_B=0.0574
epoch=51 step=178100 G=3.9104 D_A=0.0247 D_B=0.0344
epoch=51 step=178200 G=3.3760 D_A=0.0450 D_B=0.0313
epoch=51 step=178300 G=4.8127 D_A=0.0331 D_B=0.0973
epoch=51 step=178400 G=2.9087 D_A=0.0378 D_B=0.0429
epoch=51 step=178500 G=3.2805 D_A=0.0710 D_B=0.0787
epoch=51 step=178600 G=3.6292 D_A=0.0707 D_B=0.0318
epoch=51 step=178700 G=3.1683 D_A=0.0638 D_B=0.0796
epoch=51 step=178800 G=4.0632 D_A=0.0322 D_B=0.0497
epoch=51 step=178900 G=4.1179 D_A=0.0411 D_B=0.0480
epoch=51 step=179000 G=3.3207 D_A=0.0320 D_B=0.0275
epoch=51 step=179100 G=3.3803 D_A=0.0344 D_B=0.0342
epoch=51 step=179200 G=3.9530 D_A=0.0278 D_B=0.0457
epoch=51 step=179300 G=3.1473 D_A=0.0559 D_B=0.0742
epoch=51 step=179400 G=3.1369 D_A=0.0535 D_B=0.0497
EPOCH 51/60 DONE: 336.7s lr=0.00004878 images/sec=41.81
epoch=52 step=179500 G=3.7296 D_A=0.0392 D_B=0.0425
epoch=52 step=179600 G=3.6275 D_A=0.0368 D_B=0.0653
epoch=52 step=179700 G=3.8495 D_A=0.0487 D_B=0.0336
epoch=52 step=179800 G=3.7000 D_A=0.0403 D_B=0.0638
epoch=52 step=179900 G=3.8157 D_A=0.0336 D_B=0.0319
epoch=52 step=180000 G=3.4508 D_A=0.0407 D_B=0.0667
epoch=52 step=180100 G=3.5129 D_A=0.0549 D_B=0.0547
epoch=52 step=180200 G=3.6319 D_A=0.0333 D_B=0.0283
epoch=52 step=180300 G=3.5734 D_A=0.0804 D_B=0.0382
epoch=52 step=180400 G=3.3223 D_A=0.0603 D_B=0.0316
epoch=52 step=180500 G=3.9653 D_A=0.0307 D_B=0.0826
epoch=52 step=180600 G=4.0332 D_A=0.0634 D_B=0.0253
epoch=52 step=180700 G=3.4889 D_A=0.0368 D_B=0.0296
epoch=52 step=180800 G=3.5561 D_A=0.0462 D_B=0.0543
epoch=52 step=180900 G=3.3530 D_A=0.0443 D_B=0.0468
epoch=52 step=181000 G=3.9380 D_A=0.0441 D_B=0.0394
epoch=52 step=181100 G=4.3712 D_A=0.0392 D_B=0.0317
epoch=52 step=181200 G=3.7462 D_A=0.0479 D_B=0.0364
epoch=52 step=181300 G=3.9115 D_A=0.0267 D_B=0.0378
epoch=52 step=181400 G=3.9442 D_A=0.0311 D_B=0.1295
epoch=52 step=181500 G=3.9722 D_A=0.0875 D_B=0.0777
epoch=52 step=181600 G=3.5559 D_A=0.0429 D_B=0.0247
epoch=52 step=181700 G=3.4298 D_A=0.0515 D_B=0.0383
epoch=52 step=181800 G=3.6367 D_A=0.0281 D_B=0.0738
epoch=52 step=181900 G=3.5964 D_A=0.0557 D_B=0.0481
epoch=52 step=182000 G=3.4511 D_A=0.0401 D_B=0.0364
epoch=52 step=182100 G=3.5313 D_A=0.0291 D_B=0.0305
epoch=52 step=182200 G=3.2641 D_A=0.0748 D_B=0.0628
epoch=52 step=182300 G=4.1457 D_A=0.0355 D_B=0.0450
epoch=52 step=182400 G=3.6994 D_A=0.0369 D_B=0.0553
epoch=52 step=182500 G=3.9153 D_A=0.0628 D_B=0.0475
epoch=52 step=182600 G=3.2558 D_A=0.0461 D_B=0.0296
epoch=52 step=182700 G=3.1980 D_A=0.0406 D_B=0.0296
epoch=52 step=182800 G=4.5081 D_A=0.0591 D_B=0.0489
epoch=52 step=182900 G=4.8323 D_A=0.0489 D_B=0.0316
EPOCH 52/60 DONE: 331.6s lr=0.00004390 images/sec=42.45
epoch=53 step=183000 G=3.2332 D_A=0.0544 D_B=0.0427
epoch=53 step=183100 G=3.1335 D_A=0.0414 D_B=0.0391
epoch=53 step=183200 G=4.1821 D_A=0.0361 D_B=0.0318
epoch=53 step=183300 G=3.2678 D_A=0.0523 D_B=0.0352
epoch=53 step=183400 G=3.5480 D_A=0.0614 D_B=0.0281
epoch=53 step=183500 G=4.0579 D_A=0.0365 D_B=0.0467
epoch=53 step=183600 G=3.3619 D_A=0.0818 D_B=0.0513
epoch=53 step=183700 G=3.4433 D_A=0.0560 D_B=0.0319
epoch=53 step=183800 G=4.1768 D_A=0.0494 D_B=0.0346
epoch=53 step=183900 G=3.8865 D_A=0.0498 D_B=0.0259
epoch=53 step=184000 G=3.4672 D_A=0.0567 D_B=0.0830
epoch=53 step=184100 G=3.3481 D_A=0.0641 D_B=0.0481
epoch=53 step=184200 G=3.5909 D_A=0.0472 D_B=0.0601
epoch=53 step=184300 G=3.4232 D_A=0.0387 D_B=0.0655
epoch=53 step=184400 G=3.7076 D_A=0.0630 D_B=0.0327
epoch=53 step=184500 G=4.1404 D_A=0.0262 D_B=0.0404
epoch=53 step=184600 G=4.7595 D_A=0.0242 D_B=0.0359
epoch=53 step=184700 G=3.3051 D_A=0.0315 D_B=0.0670
epoch=53 step=184800 G=3.4974 D_A=0.0274 D_B=0.0489
epoch=53 step=184900 G=4.2698 D_A=0.0355 D_B=0.0397
epoch=53 step=185000 G=2.9829 D_A=0.0451 D_B=0.0870
epoch=53 step=185100 G=3.0428 D_A=0.0363 D_B=0.0250
epoch=53 step=185200 G=3.8000 D_A=0.0277 D_B=0.0574
epoch=53 step=185300 G=3.3288 D_A=0.0237 D_B=0.0348
epoch=53 step=185400 G=4.0893 D_A=0.0342 D_B=0.0442
epoch=53 step=185500 G=3.0206 D_A=0.0427 D_B=0.0313
epoch=53 step=185600 G=3.3591 D_A=0.0523 D_B=0.0360
epoch=53 step=185700 G=4.2641 D_A=0.0553 D_B=0.0352
epoch=53 step=185800 G=3.3031 D_A=0.0310 D_B=0.0484
epoch=53 step=185900 G=3.7660 D_A=0.0354 D_B=0.0495
epoch=53 step=186000 G=3.8353 D_A=0.0360 D_B=0.0452
epoch=53 step=186100 G=2.9296 D_A=0.0421 D_B=0.0423
epoch=53 step=186200 G=3.5519 D_A=0.0413 D_B=0.0490
epoch=53 step=186300 G=5.8123 D_A=0.0651 D_B=0.0386
epoch=53 step=186400 G=3.4627 D_A=0.0504 D_B=0.0420
epoch=53 step=186500 G=3.0677 D_A=0.0336 D_B=0.0397
EPOCH 53/60 DONE: 336.1s lr=0.00003902 images/sec=41.88
epoch=54 step=186600 G=4.3623 D_A=0.0336 D_B=0.0552
epoch=54 step=186700 G=3.7324 D_A=0.0262 D_B=0.0364
epoch=54 step=186800 G=2.9931 D_A=0.0264 D_B=0.0687
epoch=54 step=186900 G=3.2040 D_A=0.0790 D_B=0.0423
epoch=54 step=187000 G=3.3886 D_A=0.0244 D_B=0.0403
epoch=54 step=187100 G=3.4338 D_A=0.0234 D_B=0.0451
epoch=54 step=187200 G=3.9095 D_A=0.0354 D_B=0.0368
epoch=54 step=187300 G=3.4585 D_A=0.0364 D_B=0.0270
epoch=54 step=187400 G=3.1943 D_A=0.0310 D_B=0.0215
epoch=54 step=187500 G=2.7135 D_A=0.0867 D_B=0.0681
epoch=54 step=187600 G=3.5598 D_A=0.0262 D_B=0.0275
epoch=54 step=187700 G=4.0388 D_A=0.0353 D_B=0.0403
epoch=54 step=187800 G=3.9350 D_A=0.0331 D_B=0.0375
epoch=54 step=187900 G=3.6706 D_A=0.0469 D_B=0.0453
epoch=54 step=188000 G=4.2625 D_A=0.0435 D_B=0.0572
epoch=54 step=188100 G=3.5772 D_A=0.0475 D_B=0.0526
epoch=54 step=188200 G=3.4138 D_A=0.0791 D_B=0.0303
epoch=54 step=188300 G=3.5996 D_A=0.0247 D_B=0.0545
epoch=54 step=188400 G=4.3778 D_A=0.0542 D_B=0.0754
epoch=54 step=188500 G=3.2600 D_A=0.0225 D_B=0.0418
epoch=54 step=188600 G=3.5388 D_A=0.0377 D_B=0.0480
epoch=54 step=188700 G=4.0127 D_A=0.0417 D_B=0.0656
epoch=54 step=188800 G=3.4269 D_A=0.0454 D_B=0.0548
epoch=54 step=188900 G=4.2650 D_A=0.0559 D_B=0.0249
epoch=54 step=189000 G=3.8809 D_A=0.0336 D_B=0.0202
epoch=54 step=189100 G=4.0153 D_A=0.0382 D_B=0.0695
epoch=54 step=189200 G=3.5827 D_A=0.0415 D_B=0.0424
epoch=54 step=189300 G=3.2821 D_A=0.0208 D_B=0.0322
epoch=54 step=189400 G=3.0525 D_A=0.1024 D_B=0.0948
epoch=54 step=189500 G=3.5325 D_A=0.0553 D_B=0.0590
epoch=54 step=189600 G=3.4526 D_A=0.0285 D_B=0.0500
epoch=54 step=189700 G=4.0359 D_A=0.0270 D_B=0.0484
epoch=54 step=189800 G=3.4202 D_A=0.0309 D_B=0.0390
epoch=54 step=189900 G=3.2719 D_A=0.0372 D_B=0.0591
epoch=54 step=190000 G=3.6710 D_A=0.0416 D_B=0.0700
EPOCH 54/60 DONE: 319.4s lr=0.00003415 images/sec=44.07
epoch=55 step=190100 G=3.5798 D_A=0.0341 D_B=0.0514
epoch=55 step=190200 G=3.5889 D_A=0.0546 D_B=0.0735
epoch=55 step=190300 G=3.5482 D_A=0.0529 D_B=0.0420
epoch=55 step=190400 G=3.9172 D_A=0.0721 D_B=0.1210
epoch=55 step=190500 G=3.4370 D_A=0.0374 D_B=0.0670
epoch=55 step=190600 G=3.1551 D_A=0.0597 D_B=0.0494
epoch=55 step=190700 G=3.1986 D_A=0.0566 D_B=0.0464
epoch=55 step=190800 G=3.6184 D_A=0.0272 D_B=0.0534
epoch=55 step=190900 G=3.6841 D_A=0.0351 D_B=0.0427
epoch=55 step=191000 G=3.1285 D_A=0.0649 D_B=0.0607
epoch=55 step=191100 G=3.3077 D_A=0.0213 D_B=0.0463
epoch=55 step=191200 G=3.5206 D_A=0.0952 D_B=0.0266
epoch=55 step=191300 G=3.2869 D_A=0.0786 D_B=0.0660
epoch=55 step=191400 G=3.6129 D_A=0.0512 D_B=0.0418
epoch=55 step=191500 G=3.7331 D_A=0.0270 D_B=0.0450
epoch=55 step=191600 G=3.4749 D_A=0.0544 D_B=0.0283
epoch=55 step=191700 G=3.1668 D_A=0.0680 D_B=0.0331
epoch=55 step=191800 G=3.0354 D_A=0.0468 D_B=0.0501
epoch=55 step=191900 G=3.1024 D_A=0.0357 D_B=0.0581
epoch=55 step=192000 G=3.6233 D_A=0.0317 D_B=0.0282
epoch=55 step=192100 G=3.7783 D_A=0.0768 D_B=0.0532
epoch=55 step=192200 G=3.1532 D_A=0.0372 D_B=0.0616
epoch=55 step=192300 G=3.2082 D_A=0.0599 D_B=0.0421
epoch=55 step=192400 G=3.9528 D_A=0.0656 D_B=0.0531
epoch=55 step=192500 G=3.7599 D_A=0.0636 D_B=0.0457
epoch=55 step=192600 G=3.6936 D_A=0.0566 D_B=0.0366
epoch=55 step=192700 G=3.5673 D_A=0.0412 D_B=0.0441
epoch=55 step=192800 G=3.3846 D_A=0.0378 D_B=0.0513
epoch=55 step=192900 G=3.3235 D_A=0.0308 D_B=0.0541
epoch=55 step=193000 G=3.2351 D_A=0.0392 D_B=0.0535
epoch=55 step=193100 G=3.4437 D_A=0.0335 D_B=0.0406
epoch=55 step=193200 G=3.8426 D_A=0.0331 D_B=0.0453
epoch=55 step=193300 G=3.9554 D_A=0.0470 D_B=0.0409
epoch=55 step=193400 G=4.7181 D_A=0.0379 D_B=0.0515
epoch=55 step=193500 G=3.4029 D_A=0.0473 D_B=0.0430
EPOCH 55/60 DONE: 320.0s lr=0.00002927 images/sec=43.99
epoch=56 step=193600 G=3.9010 D_A=0.0521 D_B=0.0510
epoch=56 step=193700 G=3.7100 D_A=0.0429 D_B=0.0515
epoch=56 step=193800 G=3.9867 D_A=0.0282 D_B=0.0229
epoch=56 step=193900 G=3.8890 D_A=0.0203 D_B=0.0362
epoch=56 step=194000 G=3.3267 D_A=0.0362 D_B=0.0397
epoch=56 step=194100 G=3.7379 D_A=0.0287 D_B=0.0307
epoch=56 step=194200 G=3.7401 D_A=0.0381 D_B=0.0218
epoch=56 step=194300 G=3.4722 D_A=0.0671 D_B=0.0465
epoch=56 step=194400 G=3.4922 D_A=0.0342 D_B=0.0369
epoch=56 step=194500 G=3.8757 D_A=0.0273 D_B=0.0392
epoch=56 step=194600 G=2.9322 D_A=0.0268 D_B=0.0637
epoch=56 step=194700 G=3.9845 D_A=0.0296 D_B=0.0240
epoch=56 step=194800 G=3.8017 D_A=0.0520 D_B=0.0215
epoch=56 step=194900 G=3.4033 D_A=0.0256 D_B=0.0330
epoch=56 step=195000 G=2.8604 D_A=0.0521 D_B=0.0733
epoch=56 step=195100 G=3.7813 D_A=0.0210 D_B=0.0517
epoch=56 step=195200 G=3.1334 D_A=0.0333 D_B=0.0631
epoch=56 step=195300 G=3.2904 D_A=0.0223 D_B=0.0457
epoch=56 step=195400 G=3.3323 D_A=0.0557 D_B=0.0508
epoch=56 step=195500 G=3.8388 D_A=0.0295 D_B=0.0487
epoch=56 step=195600 G=3.6889 D_A=0.0444 D_B=0.0387
epoch=56 step=195700 G=3.4269 D_A=0.0411 D_B=0.0482
epoch=56 step=195800 G=3.6706 D_A=0.0295 D_B=0.0264
epoch=56 step=195900 G=3.9287 D_A=0.0340 D_B=0.0469
epoch=56 step=196000 G=3.6509 D_A=0.0587 D_B=0.0346
epoch=56 step=196100 G=3.4302 D_A=0.0253 D_B=0.0417
epoch=56 step=196200 G=3.5507 D_A=0.0280 D_B=0.0459
epoch=56 step=196300 G=3.5608 D_A=0.0353 D_B=0.0376
epoch=56 step=196400 G=3.8621 D_A=0.0492 D_B=0.0710
epoch=56 step=196500 G=3.4202 D_A=0.0423 D_B=0.0393
epoch=56 step=196600 G=3.9360 D_A=0.0665 D_B=0.0366
epoch=56 step=196700 G=3.9076 D_A=0.0268 D_B=0.0746
epoch=56 step=196800 G=3.2329 D_A=0.0522 D_B=0.0443
epoch=56 step=196900 G=3.3520 D_A=0.0653 D_B=0.0793
epoch=56 step=197000 G=4.0961 D_A=0.0277 D_B=0.0403
EPOCH 56/60 DONE: 317.7s lr=0.00002439 images/sec=44.30
epoch=57 step=197100 G=3.7533 D_A=0.0440 D_B=0.0850
epoch=57 step=197200 G=3.2682 D_A=0.0309 D_B=0.0281
epoch=57 step=197300 G=3.8108 D_A=0.0262 D_B=0.0312
epoch=57 step=197400 G=3.5501 D_A=0.0386 D_B=0.0237
epoch=57 step=197500 G=3.5938 D_A=0.0417 D_B=0.0322
epoch=57 step=197600 G=3.4583 D_A=0.0482 D_B=0.0349
epoch=57 step=197700 G=3.4922 D_A=0.0644 D_B=0.0367
epoch=57 step=197800 G=3.5885 D_A=0.0304 D_B=0.0203
epoch=57 step=197900 G=3.4080 D_A=0.0524 D_B=0.0647
epoch=57 step=198000 G=3.5326 D_A=0.0436 D_B=0.0851
epoch=57 step=198100 G=2.9521 D_A=0.0588 D_B=0.0855
epoch=57 step=198200 G=3.8033 D_A=0.0396 D_B=0.0622
epoch=57 step=198300 G=4.2541 D_A=0.0479 D_B=0.0396
epoch=57 step=198400 G=3.7563 D_A=0.0442 D_B=0.0434
epoch=57 step=198500 G=3.9133 D_A=0.0566 D_B=0.0448
epoch=57 step=198600 G=3.5064 D_A=0.0460 D_B=0.0554
epoch=57 step=198700 G=4.0274 D_A=0.0578 D_B=0.0405
epoch=57 step=198800 G=3.1417 D_A=0.0480 D_B=0.0455
epoch=57 step=198900 G=3.6288 D_A=0.0279 D_B=0.0596
epoch=57 step=199000 G=3.4416 D_A=0.0284 D_B=0.0848
epoch=57 step=199100 G=3.8259 D_A=0.0290 D_B=0.0392
epoch=57 step=199200 G=4.9052 D_A=0.0293 D_B=0.0373
epoch=57 step=199300 G=3.9915 D_A=0.0268 D_B=0.0280
epoch=57 step=199400 G=3.6279 D_A=0.0229 D_B=0.0505
epoch=57 step=199500 G=3.7432 D_A=0.0452 D_B=0.0387
epoch=57 step=199600 G=3.4429 D_A=0.0690 D_B=0.0427
epoch=57 step=199700 G=3.0652 D_A=0.0385 D_B=0.0333
epoch=57 step=199800 G=3.2316 D_A=0.0282 D_B=0.0671
epoch=57 step=199900 G=3.4442 D_A=0.0243 D_B=0.0435
epoch=57 step=200000 G=3.8879 D_A=0.0350 D_B=0.0562
epoch=57 step=200100 G=3.6078 D_A=0.0278 D_B=0.0437
epoch=57 step=200200 G=3.4667 D_A=0.0324 D_B=0.0238
epoch=57 step=200300 G=3.7730 D_A=0.0421 D_B=0.0330
epoch=57 step=200400 G=3.8148 D_A=0.0408 D_B=0.0262
epoch=57 step=200500 G=3.1072 D_A=0.0314 D_B=0.0475
EPOCH 57/60 DONE: 317.6s lr=0.00001951 images/sec=44.33
epoch=58 step=200600 G=3.0761 D_A=0.0580 D_B=0.0582
epoch=58 step=200700 G=3.5125 D_A=0.0455 D_B=0.0589
epoch=58 step=200800 G=4.3049 D_A=0.0365 D_B=0.0585
epoch=58 step=200900 G=3.3087 D_A=0.0308 D_B=0.0529
epoch=58 step=201000 G=3.3877 D_A=0.0295 D_B=0.0274
epoch=58 step=201100 G=3.7467 D_A=0.0458 D_B=0.0498
epoch=58 step=201200 G=3.3962 D_A=0.0340 D_B=0.0400
epoch=58 step=201300 G=4.0661 D_A=0.0352 D_B=0.0290
epoch=58 step=201400 G=3.5509 D_A=0.0457 D_B=0.0541
epoch=58 step=201500 G=3.6951 D_A=0.0518 D_B=0.0481
epoch=58 step=201600 G=3.7056 D_A=0.0447 D_B=0.0307
epoch=58 step=201700 G=3.2640 D_A=0.0341 D_B=0.0749
epoch=58 step=201800 G=4.3060 D_A=0.0461 D_B=0.0416
epoch=58 step=201900 G=3.0616 D_A=0.0275 D_B=0.0490
epoch=58 step=202000 G=3.1481 D_A=0.0469 D_B=0.0429
epoch=58 step=202100 G=3.0264 D_A=0.0283 D_B=0.0531
epoch=58 step=202200 G=4.5926 D_A=0.0338 D_B=0.0236
epoch=58 step=202300 G=3.2907 D_A=0.0571 D_B=0.0239
epoch=58 step=202400 G=3.5376 D_A=0.0399 D_B=0.0838
epoch=58 step=202500 G=3.7832 D_A=0.0381 D_B=0.0294
epoch=58 step=202600 G=4.0016 D_A=0.0276 D_B=0.0510
epoch=58 step=202700 G=3.7778 D_A=0.0455 D_B=0.0883
epoch=58 step=202800 G=3.5223 D_A=0.0428 D_B=0.0526
epoch=58 step=202900 G=3.7328 D_A=0.0223 D_B=0.0289
epoch=58 step=203000 G=3.4819 D_A=0.0428 D_B=0.0467
epoch=58 step=203100 G=3.6248 D_A=0.0341 D_B=0.0310
epoch=58 step=203200 G=3.2241 D_A=0.0480 D_B=0.0488
epoch=58 step=203300 G=3.5583 D_A=0.0333 D_B=0.0535
epoch=58 step=203400 G=3.4382 D_A=0.0388 D_B=0.0830
epoch=58 step=203500 G=3.3638 D_A=0.0395 D_B=0.0379
epoch=58 step=203600 G=3.2465 D_A=0.0297 D_B=0.0757
epoch=58 step=203700 G=4.1501 D_A=0.0377 D_B=0.0568
epoch=58 step=203800 G=3.5181 D_A=0.0393 D_B=0.0428
epoch=58 step=203900 G=3.6455 D_A=0.0274 D_B=0.0368
epoch=58 step=204000 G=3.6229 D_A=0.0404 D_B=0.0449
epoch=58 step=204100 G=3.7753 D_A=0.0366 D_B=0.0304
EPOCH 58/60 DONE: 319.4s lr=0.00001463 images/sec=44.07
epoch=59 step=204200 G=3.3487 D_A=0.0670 D_B=0.0438
epoch=59 step=204300 G=3.4459 D_A=0.0339 D_B=0.0333
epoch=59 step=204400 G=3.4995 D_A=0.0379 D_B=0.0289
epoch=59 step=204500 G=3.9282 D_A=0.0628 D_B=0.0513
epoch=59 step=204600 G=4.1488 D_A=0.0246 D_B=0.0595
epoch=59 step=204700 G=3.7934 D_A=0.0395 D_B=0.0287
epoch=59 step=204800 G=3.0321 D_A=0.0365 D_B=0.0406
epoch=59 step=204900 G=3.9243 D_A=0.0433 D_B=0.0572
epoch=59 step=205000 G=3.6277 D_A=0.0624 D_B=0.0394
epoch=59 step=205100 G=3.5333 D_A=0.0328 D_B=0.0452
epoch=59 step=205200 G=3.9447 D_A=0.0436 D_B=0.0305
epoch=59 step=205300 G=3.8031 D_A=0.0416 D_B=0.0239
epoch=59 step=205400 G=3.9773 D_A=0.0216 D_B=0.0662
epoch=59 step=205500 G=4.1030 D_A=0.0352 D_B=0.0658
epoch=59 step=205600 G=4.2477 D_A=0.0525 D_B=0.0365
epoch=59 step=205700 G=3.2160 D_A=0.0347 D_B=0.0524
epoch=59 step=205800 G=3.6087 D_A=0.0487 D_B=0.0476
epoch=59 step=205900 G=3.4389 D_A=0.0396 D_B=0.0306
epoch=59 step=206000 G=3.9290 D_A=0.0433 D_B=0.0382
epoch=59 step=206100 G=4.0266 D_A=0.0303 D_B=0.0749
epoch=59 step=206200 G=3.6273 D_A=0.0335 D_B=0.0304
epoch=59 step=206300 G=3.6459 D_A=0.0258 D_B=0.0286
epoch=59 step=206400 G=3.3288 D_A=0.0459 D_B=0.0352
epoch=59 step=206500 G=3.6877 D_A=0.0323 D_B=0.0340
epoch=59 step=206600 G=3.6138 D_A=0.0517 D_B=0.0219
epoch=59 step=206700 G=3.4422 D_A=0.0471 D_B=0.0700
epoch=59 step=206800 G=3.2376 D_A=0.0382 D_B=0.0479
epoch=59 step=206900 G=3.6021 D_A=0.0678 D_B=0.0308
epoch=59 step=207000 G=4.6472 D_A=0.0466 D_B=0.0967
epoch=59 step=207100 G=3.7632 D_A=0.0337 D_B=0.0253
epoch=59 step=207200 G=3.7749 D_A=0.0379 D_B=0.0508
epoch=59 step=207300 G=4.1383 D_A=0.0454 D_B=0.0299
epoch=59 step=207400 G=3.9590 D_A=0.0414 D_B=0.0238
epoch=59 step=207500 G=3.4719 D_A=0.0356 D_B=0.0347
epoch=59 step=207600 G=3.1469 D_A=0.0493 D_B=0.0358
EPOCH 59/60 DONE: 319.3s lr=0.00000976 images/sec=44.09
epoch=60 step=207700 G=3.7479 D_A=0.0202 D_B=0.0412
epoch=60 step=207800 G=3.0526 D_A=0.0255 D_B=0.0338
epoch=60 step=207900 G=3.4918 D_A=0.0415 D_B=0.0394
epoch=60 step=208000 G=3.4943 D_A=0.0247 D_B=0.0373
epoch=60 step=208100 G=3.6609 D_A=0.0339 D_B=0.0536
epoch=60 step=208200 G=3.3273 D_A=0.0244 D_B=0.0336
epoch=60 step=208300 G=3.5061 D_A=0.0439 D_B=0.0595
epoch=60 step=208400 G=3.0757 D_A=0.0266 D_B=0.0636
epoch=60 step=208500 G=3.3719 D_A=0.0261 D_B=0.0325
epoch=60 step=208600 G=3.6102 D_A=0.0287 D_B=0.0269
epoch=60 step=208700 G=3.5402 D_A=0.0230 D_B=0.0346
epoch=60 step=208800 G=3.4164 D_A=0.0474 D_B=0.0492
epoch=60 step=208900 G=3.5400 D_A=0.0420 D_B=0.0302
epoch=60 step=209000 G=4.3032 D_A=0.0311 D_B=0.0258
epoch=60 step=209100 G=3.4740 D_A=0.0218 D_B=0.0471
epoch=60 step=209200 G=3.8120 D_A=0.0229 D_B=0.0557
epoch=60 step=209300 G=3.2985 D_A=0.0269 D_B=0.0550
epoch=60 step=209400 G=3.2990 D_A=0.0396 D_B=0.0283
epoch=60 step=209500 G=3.3527 D_A=0.0208 D_B=0.0442
epoch=60 step=209600 G=3.3188 D_A=0.0251 D_B=0.0779
epoch=60 step=209700 G=3.9969 D_A=0.0222 D_B=0.0449
epoch=60 step=209800 G=3.4539 D_A=0.0324 D_B=0.0393
epoch=60 step=209900 G=3.5755 D_A=0.0365 D_B=0.0706
epoch=60 step=210000 G=3.3271 D_A=0.0245 D_B=0.0684
epoch=60 step=210100 G=3.4671 D_A=0.0318 D_B=0.0326
epoch=60 step=210200 G=3.9396 D_A=0.0358 D_B=0.0582
epoch=60 step=210300 G=3.7538 D_A=0.0555 D_B=0.0285
epoch=60 step=210400 G=3.3866 D_A=0.0385 D_B=0.0584
epoch=60 step=210500 G=4.0771 D_A=0.0380 D_B=0.0578
epoch=60 step=210600 G=3.2634 D_A=0.0328 D_B=0.0243
epoch=60 step=210700 G=3.5195 D_A=0.0227 D_B=0.0521
epoch=60 step=210800 G=3.8125 D_A=0.0230 D_B=0.0396
epoch=60 step=210900 G=3.1248 D_A=0.0404 D_B=0.0218
epoch=60 step=211000 G=3.4947 D_A=0.0260 D_B=0.0328
epoch=60 step=211100 G=4.6091 D_A=0.0213 D_B=0.0250
EPOCH 60/60 DONE: 319.0s lr=0.00000488 images/sec=44.12
======================================================================
RUN COMPLETE
Last completed epoch: 60
Final global step: 211140
Latest checkpoint: /app/Viraat_Task3_Ready/task3_gan/Viraat_Chaudhary/checkpoints/viraat_resizeconv6_run001/latest.pt
Evidence directory: /app/Viraat_Task3_Ready/task3_gan/Viraat_Chaudhary/logs/viraat_resizeconv6_run001
Monitoring output directory: /app/Viraat_Task3_Ready/task3_gan/Viraat_Chaudhary/outputs/viraat_resizeconv6_run001/samples
======================================================================
