direct_direction,source_file,translated_file,cosine_similarity,l1_rgb_0_1,l1_normalized_minus1_1,lpips_alex,content_failure_percentile,cycle_l1_failure_percentile,cycle_lpips_failure_percentile,composite_failure_severity,primary_failure_signal
A2B_monet_to_photo,000c1e3bff.jpg,000c1e3bff.jpg,0.7666289987354592,0.0366496667265892,0.0732993334531784,0.2269848585128784,0.8166666666666667,0.6633333333333333,0.6366666666666667,0.7055555555555556,content_preservation
A2B_monet_to_photo,011835cfbf.jpg,011835cfbf.jpg,0.961113662825534,0.0438161864876747,0.0876323729753494,0.1973363161087036,0.02,0.88,0.47,0.4566666666666667,cycle_l1
A2B_monet_to_photo,0260d15306.jpg,0260d15306.jpg,0.662689497623284,0.0304143782705068,0.0608287565410137,0.2214665710926056,0.9466666666666667,0.3466666666666667,0.6033333333333334,0.6322222222222224,content_preservation
A2B_monet_to_photo,049e293b93.jpg,049e293b93.jpg,0.7907768470396237,0.0308496356010437,0.0616992712020874,0.2801068723201751,0.75,0.36333333333333334,0.8366666666666667,0.65,cycle_lpips
A2B_monet_to_photo,05144e306f.jpg,05144e306f.jpg,0.7360364579230483,0.0291917882859706,0.0583835765719413,0.2295766770839691,0.89,0.2633333333333333,0.6533333333333333,0.6022222222222222,content_preservation
A2B_monet_to_photo,052a77c020.jpg,052a77c020.jpg,0.9475915806922024,0.0358903184533119,0.0717806369066238,0.1411772072315216,0.07,0.62,0.19333333333333333,0.29444444444444445,cycle_l1
A2B_monet_to_photo,058f878b7c.jpg,058f878b7c.jpg,0.9327405963663477,0.0267628487199544,0.0535256974399089,0.2033053785562515,0.12333333333333334,0.13,0.52,0.25777777777777783,cycle_lpips
A2B_monet_to_photo,05b493ff42.jpg,05b493ff42.jpg,0.8698655701669599,0.0294609181582927,0.0589218363165855,0.1834941357374191,0.4033333333333333,0.29,0.39666666666666667,0.36333333333333334,content_preservation
A2B_monet_to_photo,064487d630.jpg,064487d630.jpg,0.802678929323557,0.0243030935525894,0.0486061871051788,0.1553519070148468,0.6866666666666666,0.056666666666666664,0.25,0.3311111111111111,content_preservation
A2B_monet_to_photo,066fe4cbaa.jpg,066fe4cbaa.jpg,0.8518031378346271,0.0336652547121048,0.0673305094242096,0.1677870750427246,0.45,0.49666666666666665,0.3333333333333333,0.4266666666666667,cycle_l1
A2B_monet_to_photo,07fcaee35f.jpg,07fcaee35f.jpg,0.6452265873125897,0.0189295224845409,0.0378590449690818,0.1385544538497924,0.9766666666666667,0.006666666666666667,0.18,0.3877777777777778,content_preservation
A2B_monet_to_photo,09b76b6471.jpg,09b76b6471.jpg,0.8739768223729496,0.0564337782561779,0.1128675565123558,0.3205597400665283,0.38,0.9833333333333333,0.9233333333333333,0.7622222222222222,cycle_l1
A2B_monet_to_photo,0a5075d42a.jpg,0a5075d42a.jpg,0.7536705015837855,0.0379628762602806,0.0759257525205612,0.2186664640903473,0.8466666666666667,0.7166666666666667,0.59,0.7177777777777777,content_preservation
A2B_monet_to_photo,0bd913dbc7.jpg,0bd913dbc7.jpg,0.8494360959708277,0.0368687435984611,0.0737374871969223,0.2619909942150116,0.4666666666666667,0.6733333333333333,0.7833333333333333,0.6411111111111111,cycle_lpips
A2B_monet_to_photo,0e3b3292da.jpg,0e3b3292da.jpg,0.8255089566533602,0.0279282145202159,0.0558564290404319,0.1425543427467346,0.5733333333333334,0.18666666666666668,0.20666666666666667,0.32222222222222224,content_preservation
A2B_monet_to_photo,106757e5d8.jpg,106757e5d8.jpg,0.8088591258384332,0.0263596922159194,0.0527193844318389,0.1922458857297897,0.64,0.11666666666666667,0.44333333333333336,0.4000000000000001,content_preservation
A2B_monet_to_photo,1078363ff0.jpg,1078363ff0.jpg,0.8302440266338806,0.0361513495445251,0.0723026990890502,0.236772745847702,0.55,0.63,0.6866666666666666,0.6222222222222222,cycle_lpips
A2B_monet_to_photo,10c555c1b1.jpg,10c555c1b1.jpg,0.9405118319701532,0.0345620848238468,0.0691241696476936,0.1116617023944854,0.09333333333333334,0.5433333333333333,0.056666666666666664,0.23111111111111113,cycle_l1
A2B_monet_to_photo,118da0690c.jpg,118da0690c.jpg,0.7545157585177785,0.0384111553430557,0.0768223106861114,0.27142995595932,0.8433333333333334,0.7333333333333333,0.8033333333333333,0.7933333333333333,content_preservation
A2B_monet_to_photo,11ab570c5e.jpg,11ab570c5e.jpg,0.8261211880509182,0.0283770859241485,0.0567541718482971,0.237680584192276,0.57,0.21333333333333335,0.69,0.49111111111111105,cycle_lpips
A2B_monet_to_photo,11be65b3e9.jpg,11be65b3e9.jpg,0.7663140747296235,0.0294540431350469,0.0589080862700939,0.1979226768016815,0.82,0.2833333333333333,0.48,0.5277777777777778,content_preservation
A2B_monet_to_photo,133b42e498.jpg,133b42e498.jpg,0.6287112540639772,0.0325729362666606,0.0651458725333213,0.1316703855991363,0.9866666666666667,0.44,0.14333333333333334,0.5233333333333333,content_preservation
A2B_monet_to_photo,14162de938.jpg,14162de938.jpg,0.8770793821326716,0.0441911667585372,0.0883823335170745,0.3520412147045135,0.36333333333333334,0.89,0.9666666666666667,0.7400000000000001,cycle_lpips
A2B_monet_to_photo,14ff6e6a99.jpg,14ff6e6a99.jpg,0.7993270456314273,0.0377484150230884,0.0754968300461769,0.2307946681976318,0.6966666666666667,0.71,0.6566666666666666,0.6877777777777778,cycle_l1
A2B_monet_to_photo,158740962c.jpg,158740962c.jpg,0.8402066072739433,0.0315677821636199,0.0631355643272399,0.199091225862503,0.5166666666666667,0.4,0.4866666666666667,0.4677777777777778,content_preservation
A2B_monet_to_photo,16dabe418c.jpg,16dabe418c.jpg,0.7856080624696831,0.0471747331321239,0.0943494662642479,0.277383416891098,0.7833333333333333,0.92,0.8266666666666667,0.8433333333333334,cycle_l1
A2B_monet_to_photo,17557a29cb.jpg,17557a29cb.jpg,0.8778170614137059,0.0417662188410759,0.0835324376821518,0.2583972811698913,0.36,0.8466666666666667,0.7666666666666667,0.6577777777777777,cycle_l1
A2B_monet_to_photo,1814cc6632.jpg,1814cc6632.jpg,0.7883189524447531,0.0395274497568607,0.0790548995137214,0.3663313686847687,0.7633333333333333,0.7866666666666666,0.9766666666666667,0.8422222222222221,cycle_lpips
A2B_monet_to_photo,184d6c66cd.jpg,184d6c66cd.jpg,0.8220677996333641,0.0432516261935234,0.0865032523870468,0.1373326331377029,0.58,0.87,0.17333333333333334,0.5411111111111111,cycle_l1
A2B_monet_to_photo,1994b8d4a2.jpg,1994b8d4a2.jpg,0.8500618507511915,0.0284843128174543,0.0569686256349086,0.1370181739330291,0.4633333333333333,0.22,0.16666666666666666,0.2833333333333333,content_preservation
A2B_monet_to_photo,19dc36ccb2.jpg,19dc36ccb2.jpg,0.8029185448804332,0.0330345854163169,0.0660691708326339,0.2043229788541793,0.6766666666666666,0.4666666666666667,0.5266666666666666,0.5566666666666666,content_preservation
A2B_monet_to_photo,1a127acf4d.jpg,1a127acf4d.jpg,0.8719070899726834,0.0262902043759822,0.0525804087519645,0.1738425642251968,0.39666666666666667,0.11333333333333333,0.3566666666666667,0.2888888888888889,content_preservation
A2B_monet_to_photo,1e4e4e63c5.jpg,1e4e4e63c5.jpg,0.841662279346939,0.0558991506695747,0.1117983013391494,0.4333416223526001,0.51,0.98,0.99,0.8266666666666667,cycle_lpips
A2B_monet_to_photo,1f22663e72.jpg,1f22663e72.jpg,0.8591737041900332,0.0302366465330123,0.0604732930660247,0.1296228468418121,0.43333333333333335,0.3333333333333333,0.13666666666666666,0.3011111111111111,content_preservation
A2B_monet_to_photo,1f9667f2a7.jpg,1f9667f2a7.jpg,0.8648920922626019,0.0362999252974987,0.0725998505949974,0.1876846402883529,0.4266666666666667,0.6433333333333333,0.4166666666666667,0.4955555555555556,cycle_l1
A2B_monet_to_photo,22b1ac6b44.jpg,22b1ac6b44.jpg,0.953249418571554,0.0253895502537488,0.0507791005074977,0.110871210694313,0.05333333333333334,0.08666666666666667,0.05,0.06333333333333334,cycle_l1
A2B_monet_to_photo,23832dead5.jpg,23832dead5.jpg,0.9201263305401156,0.0247562639415264,0.0495125278830528,0.164736658334732,0.16666666666666666,0.07,0.32666666666666666,0.1877777777777778,cycle_lpips
A2B_monet_to_photo,23b07c3769.jpg,23b07c3769.jpg,0.8910468390834696,0.033484861254692,0.0669697225093841,0.3205225765705108,0.3,0.48333333333333334,0.92,0.5677777777777778,cycle_lpips
A2B_monet_to_photo,23d6aeb485.jpg,23d6aeb485.jpg,0.6575875643759674,0.0302942879498004,0.0605885758996009,0.2921156585216522,0.9566666666666667,0.34,0.8566666666666667,0.7177777777777777,content_preservation
A2B_monet_to_photo,23f0fbd77e.jpg,23f0fbd77e.jpg,0.9551863732489736,0.0261345468461513,0.0522690936923027,0.0949477329850196,0.04666666666666667,0.10666666666666667,0.02,0.05777777777777778,cycle_l1
A2B_monet_to_photo,24af733334.jpg,24af733334.jpg,0.8481107127186065,0.0375575982034206,0.0751151964068412,0.2845068573951721,0.47333333333333333,0.7,0.8433333333333334,0.6722222222222222,cycle_lpips
A2B_monet_to_photo,252d9a4abc.jpg,252d9a4abc.jpg,0.7910366434956074,0.0287763811647892,0.0575527623295784,0.2026458084583282,0.7466666666666667,0.24,0.51,0.4988888888888889,content_preservation
A2B_monet_to_photo,2581464ddc.jpg,2581464ddc.jpg,0.8729201426281142,0.029728066176176,0.0594561323523521,0.1739315688610077,0.39,0.30666666666666664,0.36,0.3522222222222222,content_preservation
A2B_monet_to_photo,25c9904782.jpg,25c9904782.jpg,0.780640149218973,0.0371714830398559,0.0743429660797119,0.2633012235164642,0.7933333333333333,0.6933333333333334,0.79,0.758888888888889,content_preservation
A2B_monet_to_photo,26b66eb819.jpg,26b66eb819.jpg,0.81873966400594,0.0340465381741523,0.0680930763483047,0.2028578817844391,0.59,0.5166666666666667,0.5166666666666667,0.5411111111111112,content_preservation
A2B_monet_to_photo,2759c1ed37.jpg,2759c1ed37.jpg,0.6747832767110588,0.0335031300783157,0.0670062601566314,0.2855949401855469,0.9366666666666666,0.4866666666666667,0.8466666666666667,0.7566666666666667,content_preservation
A2B_monet_to_photo,281b73fb5e.jpg,281b73fb5e.jpg,0.9291096335021468,0.0319806560873985,0.063961312174797,0.1892336457967758,0.14,0.4166666666666667,0.43,0.32888888888888884,cycle_lpips
A2B_monet_to_photo,28deb43a71.jpg,28deb43a71.jpg,0.9485776419130144,0.0460627935826778,0.0921255871653556,0.0968944579362869,0.06666666666666667,0.9133333333333333,0.02666666666666667,0.33555555555555555,cycle_l1
A2B_monet_to_photo,295eb5c521.jpg,295eb5c521.jpg,0.7977567483740521,0.0336023531854152,0.0672047063708305,0.3281058073043823,0.7033333333333334,0.49,0.9466666666666667,0.7133333333333334,cycle_lpips
A2B_monet_to_photo,29696b4455.jpg,29696b4455.jpg,0.8034661340880493,0.032106764614582,0.0642135292291641,0.2357982695102691,0.6733333333333333,0.42333333333333334,0.68,0.5922222222222223,cycle_lpips
A2B_monet_to_photo,2acfbab228.jpg,2acfbab228.jpg,0.926606305267922,0.0336399488151073,0.0672798976302146,0.1316331475973129,0.14666666666666667,0.49333333333333335,0.14,0.26,cycle_l1
A2B_monet_to_photo,2c00f5147f.jpg,2c00f5147f.jpg,0.9605109216988168,0.040501557290554,0.0810031145811081,0.1202290207147598,0.02666666666666667,0.8233333333333334,0.09666666666666666,0.31555555555555553,cycle_l1
A2B_monet_to_photo,2cca56415e.jpg,2cca56415e.jpg,0.7880400600927493,0.0362472049891948,0.0724944099783897,0.24766206741333,0.7666666666666667,0.6366666666666667,0.7366666666666667,0.7133333333333334,content_preservation
A2B_monet_to_photo,2e0d0e6e19.jpg,2e0d0e6e19.jpg,0.7935637759448392,0.025195375084877,0.050390750169754,0.1528736352920532,0.7333333333333333,0.08,0.24,0.3511111111111111,content_preservation
A2B_monet_to_photo,2f20944b6a.jpg,2f20944b6a.jpg,0.7936598541582437,0.042706660926342,0.085413321852684,0.3498344421386719,0.73,0.8633333333333333,0.96,0.851111111111111,cycle_lpips
A2B_monet_to_photo,2f90c99e10.jpg,2f90c99e10.jpg,0.9004682131838324,0.0414083488285541,0.0828166976571083,0.288240373134613,0.2633333333333333,0.8366666666666667,0.8533333333333334,0.6511111111111112,cycle_lpips
A2B_monet_to_photo,3283442e33.jpg,3283442e33.jpg,0.6561902005629358,0.02796714566648,0.0559342913329601,0.2141180783510208,0.9633333333333334,0.19,0.57,0.5744444444444444,content_preservation
A2B_monet_to_photo,32cc820303.jpg,32cc820303.jpg,0.9405544114557656,0.0356534868478775,0.071306973695755,0.1646941304206848,0.09,0.6033333333333334,0.3233333333333333,0.33888888888888885,cycle_l1
A2B_monet_to_photo,32e33792cc.jpg,32e33792cc.jpg,0.9002886806343643,0.0282507948577404,0.0565015897154808,0.1557694971561432,0.26666666666666666,0.21,0.25666666666666665,0.24444444444444446,content_preservation
A2B_monet_to_photo,3417ace946.jpg,3417ace946.jpg,0.8417015844132526,0.0297581255435943,0.0595162510871887,0.160184308886528,0.5033333333333333,0.31,0.29333333333333333,0.3688888888888888,content_preservation
A2B_monet_to_photo,344d1829bb.jpg,344d1829bb.jpg,0.8332503391287905,0.0481318160891532,0.0962636321783065,0.3037996590137481,0.5366666666666666,0.9366666666666666,0.8833333333333333,0.7855555555555555,cycle_l1
A2B_monet_to_photo,3545597386.jpg,3545597386.jpg,0.9257808369571228,0.0352946370840072,0.0705892741680145,0.1917203664779663,0.16,0.57,0.43666666666666665,0.38888888888888884,cycle_l1
A2B_monet_to_photo,369f6d07e8.jpg,369f6d07e8.jpg,0.6616364756216674,0.0368489436805248,0.0736978873610496,0.3094300627708435,0.95,0.67,0.9133333333333333,0.8444444444444444,content_preservation
A2B_monet_to_photo,3843e221cc.jpg,3843e221cc.jpg,0.8981290171602383,0.0480626598000526,0.0961253196001052,0.3057940304279327,0.28,0.9333333333333333,0.8933333333333333,0.7022222222222222,cycle_l1
A2B_monet_to_photo,3b262c6726.jpg,3b262c6726.jpg,0.8102461205356383,0.0291076898574829,0.0582153797149658,0.1564335376024246,0.62,0.25,0.26,0.37666666666666665,content_preservation
A2B_monet_to_photo,3c341ff93e.jpg,3c341ff93e.jpg,0.7487754537881517,0.0365043058991432,0.0730086117982864,0.2053653597831726,0.8566666666666667,0.6566666666666666,0.5333333333333333,0.6822222222222222,content_preservation
A2B_monet_to_photo,3d13fe022e.jpg,3d13fe022e.jpg,0.7505627224857362,0.036941684782505,0.07388336956501,0.2246412336826324,0.85,0.68,0.6133333333333333,0.7144444444444445,content_preservation
A2B_monet_to_photo,3deea9f4a4.jpg,3deea9f4a4.jpg,0.8067391737836225,0.0266200602054595,0.0532401204109191,0.225175529718399,0.6466666666666666,0.12666666666666668,0.62,0.46444444444444444,content_preservation
A2B_monet_to_photo,3eaef3ee43.jpg,3eaef3ee43.jpg,0.8581006379748684,0.0230088531970977,0.0460177063941955,0.1447154283523559,0.43666666666666665,0.03,0.21666666666666667,0.22777777777777777,content_preservation
A2B_monet_to_photo,40d7d18ad3.jpg,40d7d18ad3.jpg,0.9174797505216402,0.0304829962551593,0.0609659925103187,0.2282781898975372,0.17666666666666667,0.3566666666666667,0.6466666666666666,0.3933333333333333,cycle_lpips
A2B_monet_to_photo,417e77e946.jpg,417e77e946.jpg,0.8085685982416433,0.029184591025114,0.0583691820502281,0.2381198704242706,0.6433333333333333,0.25666666666666665,0.6933333333333334,0.5311111111111111,cycle_lpips
A2B_monet_to_photo,4260d1c556.jpg,4260d1c556.jpg,0.8059656381328654,0.0357488133013248,0.0714976266026496,0.2053343653678894,0.6566666666666666,0.6166666666666667,0.53,0.6011111111111112,content_preservation
A2B_monet_to_photo,429e382095.jpg,429e382095.jpg,0.7879970824325206,0.0301075931638479,0.0602151863276958,0.2104826867580413,0.77,0.3233333333333333,0.5533333333333333,0.5488888888888889,content_preservation
A2B_monet_to_photo,463835bbc6.jpg,463835bbc6.jpg,0.7368115428517692,0.0235298182815313,0.0470596365630626,0.2466123104095459,0.8866666666666667,0.04666666666666667,0.73,0.5544444444444444,content_preservation
A2B_monet_to_photo,4660310c3e.jpg,4660310c3e.jpg,0.7651397480048974,0.0260928720235824,0.0521857440471649,0.21692855656147,0.8266666666666667,0.1,0.5866666666666667,0.5044444444444444,content_preservation
A2B_monet_to_photo,47a0548067.jpg,47a0548067.jpg,0.6583237746064801,0.0246919002383947,0.0493838004767894,0.1881211102008819,0.9533333333333334,0.06666666666666667,0.42333333333333334,0.4811111111111111,content_preservation
A2B_monet_to_photo,488600cb75.jpg,488600cb75.jpg,0.9362084284771888,0.0277248378843069,0.0554496757686138,0.1617399752140045,0.11666666666666667,0.17333333333333334,0.31,0.20000000000000004,cycle_lpips
A2B_monet_to_photo,49337b68f4.jpg,49337b68f4.jpg,0.9013008940743048,0.0354518853127956,0.0709037706255912,0.197483405470848,0.25333333333333335,0.5766666666666667,0.47333333333333333,0.43444444444444447,cycle_l1
A2B_monet_to_photo,4995c04b1a.jpg,4995c04b1a.jpg,0.9502128457824454,0.0258389003574848,0.0516778007149696,0.0687404200434684,0.06,0.09333333333333334,0.0033333333333333335,0.05222222222222222,cycle_l1
A2B_monet_to_photo,4ab2583fe2.jpg,4ab2583fe2.jpg,0.8935007443595427,0.0361204706132411,0.0722409412264823,0.1916581392288208,0.2966666666666667,0.6266666666666667,0.43333333333333335,0.45222222222222225,cycle_l1
A2B_monet_to_photo,4ad8b366c1.jpg,4ad8b366c1.jpg,0.8531786867662144,0.03030826151371,0.06061652302742,0.2574821412563324,0.44666666666666666,0.3433333333333333,0.76,0.5166666666666667,cycle_lpips
A2B_monet_to_photo,4b0adf7c6f.jpg,4b0adf7c6f.jpg,0.9378787249808652,0.026122024282813,0.0522440485656261,0.1454331129789352,0.11,0.10333333333333333,0.22333333333333333,0.14555555555555555,cycle_lpips
A2B_monet_to_photo,4bb4ca7b03.jpg,4bb4ca7b03.jpg,0.8456144600541334,0.0482044965028762,0.0964089930057525,0.2266205549240112,0.49,0.94,0.6333333333333333,0.6877777777777778,cycle_l1
A2B_monet_to_photo,4c0e35882c.jpg,4c0e35882c.jpg,0.6549874520586187,0.040138691663742,0.0802773833274841,0.2406451553106308,0.9666666666666667,0.8133333333333334,0.7,0.8266666666666667,content_preservation
A2B_monet_to_photo,4c74254ad3.jpg,4c74254ad3.jpg,0.7460128061334603,0.0441816560924053,0.0883633121848106,0.2660276591777801,0.86,0.8866666666666667,0.7933333333333333,0.8466666666666667,cycle_l1
A2B_monet_to_photo,4e05523825.jpg,4e05523825.jpg,0.8848755707024133,0.0317469388246536,0.0634938776493072,0.1442383378744125,0.32666666666666666,0.41,0.21,0.31555555555555553,cycle_l1
A2B_monet_to_photo,4f045779b0.jpg,4f045779b0.jpg,0.7725494328963913,0.034336008131504,0.0686720162630081,0.1742829233407974,0.8133333333333334,0.53,0.36333333333333334,0.5688888888888889,content_preservation
A2B_monet_to_photo,4f3f4ff590.jpg,4f3f4ff590.jpg,0.8512115626117264,0.0320658236742019,0.0641316473484039,0.1583034694194793,0.46,0.42,0.27666666666666667,0.3855555555555556,content_preservation
A2B_monet_to_photo,4f4de0bbba.jpg,4f4de0bbba.jpg,0.9400856875559992,0.0285824444144964,0.0571648888289928,0.128666952252388,0.1,0.23,0.13,0.15333333333333335,cycle_l1
A2B_monet_to_photo,4f7e01f097.jpg,4f7e01f097.jpg,0.9153123474171512,0.0603599026799202,0.1207198053598404,0.5176379084587097,0.18666666666666668,0.99,1.0,0.7255555555555556,cycle_lpips
A2B_monet_to_photo,50855dd324.jpg,50855dd324.jpg,0.8676309239112103,0.0292869731783866,0.0585739463567733,0.1350342631340026,0.41,0.27,0.15666666666666668,0.2788888888888889,content_preservation
A2B_monet_to_photo,512cd171a9.jpg,512cd171a9.jpg,0.6884626265435805,0.0338564626872539,0.0677129253745079,0.1844291388988495,0.9333333333333333,0.51,0.4033333333333333,0.6155555555555555,content_preservation
A2B_monet_to_photo,5185e8c56a.jpg,5185e8c56a.jpg,0.7423384875213178,0.0195071883499622,0.0390143766999244,0.1146497949957847,0.8733333333333333,0.013333333333333334,0.06666666666666667,0.31777777777777777,content_preservation
A2B_monet_to_photo,51bdd25f76.jpg,51bdd25f76.jpg,0.8867467448920779,0.0322604179382324,0.0645208358764648,0.1709411293268203,0.31333333333333335,0.4266666666666667,0.34,0.36000000000000004,cycle_l1
A2B_monet_to_photo,51db3fc011.jpg,51db3fc011.jpg,0.9546817892141144,0.035475417971611,0.070950835943222,0.1763525903224945,0.05,0.58,0.37333333333333335,0.3344444444444445,cycle_l1
A2B_monet_to_photo,526a110636.jpg,526a110636.jpg,0.8462622114378467,0.0371402911841869,0.0742805823683738,0.2597127258777618,0.4866666666666667,0.69,0.7733333333333333,0.65,cycle_lpips
A2B_monet_to_photo,52aed0f943.jpg,52aed0f943.jpg,0.8834369989208463,0.034485712647438,0.0689714252948761,0.1845086365938186,0.3333333333333333,0.5333333333333333,0.4066666666666667,0.42444444444444446,cycle_l1
A2B_monet_to_photo,52d12dc627.jpg,52d12dc627.jpg,0.906886731575022,0.0326418578624725,0.065283715724945,0.1564579159021377,0.22333333333333333,0.44333333333333336,0.2633333333333333,0.31,cycle_l1
A2B_monet_to_photo,52fc351abf.jpg,52fc351abf.jpg,0.8792757762514026,0.0355854704976081,0.0711709409952163,0.1615412533283233,0.35333333333333333,0.5933333333333334,0.30666666666666664,0.4177777777777778,cycle_l1
A2B_monet_to_photo,536aa87152.jpg,536aa87152.jpg,0.7329473043437751,0.0243704244494438,0.0487408488988876,0.2478094696998596,0.8933333333333333,0.06,0.74,0.5644444444444444,content_preservation
A2B_monet_to_photo,565f19268b.jpg,565f19268b.jpg,0.8764458958507977,0.0419896245002746,0.0839792490005493,0.2630862593650818,0.36666666666666664,0.8533333333333334,0.7866666666666666,0.668888888888889,cycle_l1
A2B_monet_to_photo,586acab7c5.jpg,586acab7c5.jpg,0.7902507588697931,0.026941180229187,0.053882360458374,0.3237161338329315,0.7533333333333333,0.14666666666666667,0.9333333333333333,0.611111111111111,cycle_lpips
A2B_monet_to_photo,5926f85cbf.jpg,5926f85cbf.jpg,0.7859053377957872,0.0292094573378562,0.0584189146757125,0.306491494178772,0.78,0.26666666666666666,0.8966666666666666,0.6477777777777778,cycle_lpips
A2B_monet_to_photo,593db29cce.jpg,593db29cce.jpg,0.8655482009811712,0.0464504361152648,0.0929008722305297,0.1283821165561676,0.42,0.9166666666666666,0.12333333333333334,0.48666666666666664,cycle_l1
A2B_monet_to_photo,599098859e.jpg,599098859e.jpg,0.8416956091609831,0.0351772680878639,0.0703545361757278,0.2475437521934509,0.5066666666666667,0.5666666666666667,0.7333333333333333,0.6022222222222222,cycle_lpips
A2B_monet_to_photo,59df696966.jpg,59df696966.jpg,0.7383016085757178,0.0342923179268837,0.0685846358537674,0.2769539058208465,0.8833333333333333,0.5266666666666666,0.8233333333333334,0.7444444444444445,content_preservation
A2B_monet_to_photo,5aa514ffac.jpg,5aa514ffac.jpg,0.7602566598247197,0.019093295559287,0.0381865911185741,0.125918909907341,0.8333333333333334,0.01,0.11666666666666667,0.32,content_preservation
A2B_monet_to_photo,5c79cfe0b3.jpg,5c79cfe0b3.jpg,0.9259348635526248,0.0280916057527065,0.056183211505413,0.2289612889289856,0.15333333333333332,0.19333333333333333,0.65,0.33222222222222225,cycle_lpips
A2B_monet_to_photo,5cb895b722.jpg,5cb895b722.jpg,0.7313275939865637,0.0417223870754241,0.0834447741508483,0.2432430535554886,0.9,0.8433333333333334,0.71,0.8177777777777777,content_preservation
A2B_monet_to_photo,5e357ad790.jpg,5e357ad790.jpg,0.8118659809837833,0.0396773405373096,0.0793546810746193,0.3153034746646881,0.61,0.7966666666666666,0.9166666666666666,0.7744444444444444,cycle_lpips
A2B_monet_to_photo,5ffbfe68d4.jpg,5ffbfe68d4.jpg,0.8044355261796877,0.0259750038385391,0.0519500076770782,0.1600038409233093,0.6633333333333333,0.09666666666666666,0.29,0.35000000000000003,content_preservation
A2B_monet_to_photo,6043aadea0.jpg,6043aadea0.jpg,0.809517036552719,0.028207553550601,0.056415107101202,0.1610574126243591,0.63,0.20666666666666667,0.3,0.3788888888888889,content_preservation
A2B_monet_to_photo,608ee0d370.jpg,608ee0d370.jpg,0.6489193427759378,0.0385604612529277,0.0771209225058555,0.1961565464735031,0.97,0.7433333333333333,0.4633333333333333,0.7255555555555556,content_preservation
A2B_monet_to_photo,61e735361a.jpg,61e735361a.jpg,0.7390123696152022,0.0384713485836982,0.0769426971673965,0.2452949285507202,0.88,0.7366666666666667,0.72,0.778888888888889,content_preservation
A2B_monet_to_photo,632ddbc784.jpg,632ddbc784.jpg,0.5746002708026616,0.0196323543787002,0.0392647087574005,0.1594974845647812,0.9966666666666667,0.016666666666666666,0.2866666666666667,0.43333333333333335,content_preservation
A2B_monet_to_photo,661e374153.jpg,661e374153.jpg,0.74968497617629,0.035017754882574,0.0700355097651481,0.1711224764585495,0.8533333333333334,0.5566666666666666,0.3433333333333333,0.5844444444444444,content_preservation
A2B_monet_to_photo,66226e18fc.jpg,66226e18fc.jpg,0.8830251718604757,0.0294592287391424,0.0589184574782848,0.1582672297954559,0.3433333333333333,0.2866666666666667,0.2733333333333333,0.3011111111111111,content_preservation
A2B_monet_to_photo,66a144f547.jpg,66a144f547.jpg,0.8956668845508778,0.0316396653652191,0.0632793307304382,0.2190072834491729,0.2866666666666667,0.4033333333333333,0.5933333333333334,0.42777777777777776,cycle_lpips
A2B_monet_to_photo,6742294320.jpg,6742294320.jpg,0.8065123375471374,0.0324353799223899,0.0648707598447799,0.2153229415416717,0.6533333333333333,0.43333333333333335,0.58,0.5555555555555555,content_preservation
A2B_monet_to_photo,676a5a4c2e.jpg,676a5a4c2e.jpg,0.8850087442347668,0.0378207229077816,0.0756414458155632,0.2575980722904205,0.32,0.7133333333333334,0.7633333333333333,0.5988888888888889,cycle_lpips
A2B_monet_to_photo,6782e7cb2a.jpg,6782e7cb2a.jpg,0.7458923805920763,0.0605542138218879,0.1211084276437759,0.3553017377853393,0.8633333333333333,0.9933333333333333,0.9733333333333334,0.9433333333333334,cycle_l1
A2B_monet_to_photo,68729aac07.jpg,68729aac07.jpg,0.6691782445167961,0.0301957186311483,0.0603914372622966,0.3238392770290375,0.94,0.33,0.9366666666666666,0.7355555555555555,content_preservation
A2B_monet_to_photo,68b60c04b7.jpg,68b60c04b7.jpg,0.755367234597871,0.0231674816459417,0.0463349632918834,0.1158273369073867,0.84,0.03333333333333333,0.07333333333333333,0.31555555555555553,content_preservation
A2B_monet_to_photo,68d60af226.jpg,68d60af226.jpg,0.9607839608462884,0.0265693925321102,0.0531387850642204,0.1242396533489227,0.023333333333333334,0.12333333333333334,0.10666666666666667,0.08444444444444445,cycle_l1
A2B_monet_to_photo,695897bd4a.jpg,695897bd4a.jpg,0.766250131935524,0.0369741842150688,0.0739483684301376,0.2435275614261627,0.8233333333333334,0.6833333333333333,0.7133333333333334,0.7400000000000001,content_preservation
A2B_monet_to_photo,69f4b75a37.jpg,69f4b75a37.jpg,0.8013738352525349,0.031383529305458,0.0627670586109161,0.2194605767726898,0.69,0.38666666666666666,0.5966666666666667,0.5577777777777778,content_preservation
A2B_monet_to_photo,6a03aea8be.jpg,6a03aea8be.jpg,0.7051722456438595,0.0200092755258083,0.0400185510516166,0.1728419065475464,0.92,0.02,0.35333333333333333,0.43111111111111117,content_preservation
A2B_monet_to_photo,6bbe0e63c6.jpg,6bbe0e63c6.jpg,0.8731714967478367,0.0356630347669124,0.0713260695338249,0.1875876784324646,0.38333333333333336,0.61,0.41333333333333333,0.4688888888888889,cycle_l1
A2B_monet_to_photo,6bfbd1df5b.jpg,6bfbd1df5b.jpg,0.786283455473843,0.0334568135440349,0.0669136270880699,0.1932678669691085,0.7766666666666666,0.48,0.45,0.5688888888888889,content_preservation
A2B_monet_to_photo,6c6cc46498.jpg,6c6cc46498.jpg,0.9599621754333036,0.0296481549739837,0.0592963099479675,0.1183145344257354,0.03,0.30333333333333334,0.08666666666666667,0.14,cycle_l1
A2B_monet_to_photo,6d0e87f557.jpg,6d0e87f557.jpg,0.822912065868168,0.0618453323841095,0.123690664768219,0.4809496998786926,0.5766666666666667,1.0,0.9966666666666667,0.8577777777777778,cycle_l1
A2B_monet_to_photo,6e0429f92e.jpg,6e0429f92e.jpg,0.8027821365320861,0.0302557349205017,0.0605114698410034,0.1539475619792938,0.68,0.33666666666666667,0.24666666666666667,0.42111111111111105,content_preservation
A2B_monet_to_photo,6ee7c39dbc.jpg,6ee7c39dbc.jpg,0.9167896252854424,0.033845167607069,0.067690335214138,0.2327342629432678,0.18333333333333332,0.5066666666666667,0.6633333333333333,0.4511111111111112,cycle_lpips
A2B_monet_to_photo,6f0b9df5c5.jpg,6f0b9df5c5.jpg,0.8462851989853512,0.0286107696592807,0.0572215393185615,0.1264949142932891,0.48333333333333334,0.23333333333333334,0.12,0.2788888888888889,content_preservation
A2B_monet_to_photo,7017e6caa1.jpg,7017e6caa1.jpg,0.8199861029861775,0.0487844347953796,0.0975688695907592,0.34068763256073,0.5866666666666667,0.9466666666666667,0.9566666666666667,0.83,cycle_lpips
A2B_monet_to_photo,7054793632.jpg,7054793632.jpg,0.7928040523975142,0.0304526891559362,0.0609053783118724,0.1284160315990448,0.7433333333333333,0.35,0.12666666666666668,0.4066666666666667,content_preservation
A2B_monet_to_photo,70bc945f95.jpg,70bc945f95.jpg,0.7901937292973578,0.0398073643445968,0.0796147286891937,0.294620007276535,0.7566666666666667,0.8,0.8666666666666667,0.8077777777777778,cycle_lpips
A2B_monet_to_photo,718445ebe3.jpg,718445ebe3.jpg,0.8652332993200027,0.035625897347927,0.0712517946958541,0.2407285869121551,0.42333333333333334,0.6,0.7033333333333334,0.5755555555555556,cycle_lpips
A2B_monet_to_photo,7239ba0b55.jpg,7239ba0b55.jpg,0.7013621675750584,0.0366284400224685,0.0732568800449371,0.2585178017616272,0.9266666666666666,0.66,0.77,0.7855555555555555,content_preservation
A2B_monet_to_photo,730f325b64.jpg,730f325b64.jpg,0.9005235029640835,0.029813602566719,0.0596272051334381,0.1123331263661384,0.26,0.31666666666666665,0.06,0.21222222222222223,cycle_l1
A2B_monet_to_photo,732d76a469.jpg,732d76a469.jpg,0.7107999259791475,0.0370180830359458,0.0740361660718917,0.2108084708452224,0.9133333333333333,0.6866666666666666,0.5566666666666666,0.7188888888888889,content_preservation
A2B_monet_to_photo,7341d96c1d.jpg,7341d96c1d.jpg,0.9084409840787036,0.0234091207385063,0.0468182414770126,0.1630225926637649,0.21333333333333335,0.03666666666666667,0.31333333333333335,0.1877777777777778,cycle_lpips
A2B_monet_to_photo,73f33a12c5.jpg,73f33a12c5.jpg,0.8553406301459685,0.0333758033812046,0.0667516067624092,0.136697843670845,0.44333333333333336,0.4766666666666667,0.16,0.36000000000000004,cycle_l1
A2B_monet_to_photo,74e452fb31.jpg,74e452fb31.jpg,0.9040996480111266,0.0249945782124996,0.0499891564249992,0.1133545935153961,0.24,0.07333333333333333,0.06333333333333334,0.12555555555555556,content_preservation
A2B_monet_to_photo,76cc7181f8.jpg,76cc7181f8.jpg,0.9292329460292243,0.0396305546164512,0.0792611092329025,0.1822781860828399,0.13666666666666666,0.79,0.38666666666666666,0.4377777777777778,cycle_l1
A2B_monet_to_photo,77b37629f2.jpg,77b37629f2.jpg,0.8112449791554339,0.0386988557875156,0.0773977115750312,0.209597960114479,0.6166666666666667,0.7533333333333333,0.5433333333333333,0.6377777777777779,cycle_l1
A2B_monet_to_photo,79224da51f.jpg,79224da51f.jpg,0.9358698297793232,0.0295199863612651,0.0590399727225303,0.1480967551469802,0.12,0.29333333333333333,0.23,0.21444444444444444,cycle_l1
A2B_monet_to_photo,79292e1434.jpg,79292e1434.jpg,0.8780786415903358,0.0270376726984977,0.0540753453969955,0.1480319797992706,0.3566666666666667,0.15333333333333332,0.22666666666666666,0.24555555555555555,content_preservation
A2B_monet_to_photo,7952021d2f.jpg,7952021d2f.jpg,0.8730650464500512,0.0286819692701101,0.0573639385402202,0.2023095041513443,0.38666666666666666,0.23666666666666666,0.5066666666666667,0.37666666666666665,cycle_lpips
A2B_monet_to_photo,7960adbd50.jpg,7960adbd50.jpg,0.900777053812956,0.0422056838870048,0.0844113677740097,0.3039686977863312,0.25666666666666665,0.86,0.8866666666666667,0.6677777777777778,cycle_lpips
A2B_monet_to_photo,7cb36714d0.jpg,7cb36714d0.jpg,0.9259676054921412,0.0293777994811534,0.0587555989623069,0.2097954601049423,0.15,0.28,0.5466666666666666,0.32555555555555554,cycle_lpips
A2B_monet_to_photo,7d64c3100c.jpg,7d64c3100c.jpg,0.8338433131686932,0.0328496471047401,0.0656992942094802,0.3057416677474975,0.5333333333333333,0.46,0.89,0.6277777777777778,cycle_lpips
A2B_monet_to_photo,8044a92484.jpg,8044a92484.jpg,0.9094534288198248,0.032658077776432,0.065316155552864,0.111213743686676,0.20333333333333334,0.44666666666666666,0.05333333333333334,0.23444444444444446,cycle_l1
A2B_monet_to_photo,8077b7e9e7.jpg,8077b7e9e7.jpg,0.8270402948359589,0.0492964908480644,0.0985929816961288,0.2574560642242431,0.5666666666666667,0.95,0.7566666666666667,0.7577777777777778,cycle_l1
A2B_monet_to_photo,8114fa2607.jpg,8114fa2607.jpg,0.8302201192113697,0.0400898307561874,0.0801796615123748,0.3078970313072204,0.5533333333333333,0.81,0.9066666666666666,0.7566666666666667,cycle_lpips
A2B_monet_to_photo,815624563e.jpg,815624563e.jpg,0.978945810186023,0.0531245991587638,0.1062491983175277,0.1531622856855392,0.0033333333333333335,0.97,0.24333333333333335,0.4055555555555555,cycle_l1
A2B_monet_to_photo,82991e742a.jpg,82991e742a.jpg,0.883250178101384,0.0429385676980018,0.0858771353960037,0.2461354434490203,0.34,0.8666666666666667,0.7266666666666667,0.6444444444444445,cycle_l1
A2B_monet_to_photo,82b9fd68b1.jpg,82b9fd68b1.jpg,0.8565071303903626,0.0385670438408851,0.0771340876817703,0.307760626077652,0.44,0.7466666666666667,0.9033333333333333,0.6966666666666667,cycle_lpips
A2B_monet_to_photo,8314acfd35.jpg,8314acfd35.jpg,0.7866977397222814,0.0454380214214324,0.0908760428428649,0.3687018156051636,0.7733333333333333,0.9033333333333333,0.98,0.8855555555555555,cycle_lpips
A2B_monet_to_photo,853f8d711f.jpg,853f8d711f.jpg,0.9139171371204068,0.0316988229751586,0.0633976459503173,0.2951781749725342,0.19666666666666666,0.4066666666666667,0.87,0.49111111111111105,cycle_lpips
A2B_monet_to_photo,85580214be.jpg,85580214be.jpg,0.8367179312190645,0.0475219637155532,0.0950439274311065,0.1976868659257888,0.5266666666666666,0.9233333333333333,0.4766666666666667,0.6422222222222222,cycle_l1
A2B_monet_to_photo,88402296cc.jpg,88402296cc.jpg,0.9703351665728628,0.04014203697443,0.0802840739488601,0.0946261882781982,0.006666666666666667,0.8166666666666667,0.016666666666666666,0.28,cycle_l1
A2B_monet_to_photo,893db2701d.jpg,893db2701d.jpg,0.8945236587393576,0.0383744984865188,0.0767489969730377,0.2246431410312652,0.29,0.73,0.6166666666666667,0.5455555555555556,cycle_l1
A2B_monet_to_photo,89964efa86.jpg,89964efa86.jpg,0.8958938702197803,0.0251361727714538,0.0502723455429077,0.1202022433280944,0.2833333333333333,0.07666666666666666,0.09333333333333334,0.1511111111111111,content_preservation
A2B_monet_to_photo,89d970411d.jpg,89d970411d.jpg,0.7776023493167394,0.0391149334609508,0.0782298669219017,0.2115888893604278,0.8,0.7666666666666667,0.56,0.708888888888889,content_preservation
A2B_monet_to_photo,89fcbf2f76.jpg,89fcbf2f76.jpg,0.6391290679329933,0.0277057141065597,0.0554114282131195,0.227582186460495,0.98,0.17,0.64,0.5966666666666667,content_preservation
A2B_monet_to_photo,8b54448a07.jpg,8b54448a07.jpg,0.908174239825926,0.0325293615460395,0.0650587230920791,0.1553812175989151,0.22,0.43666666666666665,0.25333333333333335,0.3033333333333333,cycle_l1
A2B_monet_to_photo,8b7948248f.jpg,8b7948248f.jpg,0.8882360650482723,0.032897513359785,0.0657950267195701,0.1608711183071136,0.30333333333333334,0.4633333333333333,0.2966666666666667,0.3544444444444444,cycle_l1
A2B_monet_to_photo,8b841420b4.jpg,8b841420b4.jpg,0.9576752544580396,0.0281630754470825,0.056326150894165,0.1028353124856948,0.04,0.20333333333333334,0.03333333333333333,0.09222222222222222,cycle_l1
A2B_monet_to_photo,8c48e112d0.jpg,8c48e112d0.jpg,0.8211157272954954,0.0291867237538099,0.0583734475076198,0.1633964926004409,0.5833333333333334,0.26,0.31666666666666665,0.3866666666666667,content_preservation
A2B_monet_to_photo,8c8011c291.jpg,8c8011c291.jpg,0.7772575727544373,0.0477811098098754,0.0955622196197509,0.2528400421142578,0.8033333333333333,0.93,0.75,0.8277777777777778,cycle_l1
A2B_monet_to_photo,8cfd45a2e2.jpg,8cfd45a2e2.jpg,0.8168127683781179,0.0576112568378448,0.1152225136756897,0.4607748389244079,0.5933333333333334,0.9866666666666667,0.9933333333333333,0.8577777777777778,cycle_lpips
A2B_monet_to_photo,8e5ff15568.jpg,8e5ff15568.jpg,0.7044509240104274,0.0386719964444637,0.0773439928889274,0.1777666062116623,0.9233333333333333,0.75,0.38,0.6844444444444444,content_preservation
A2B_monet_to_photo,8ee2933868.jpg,8ee2933868.jpg,0.9016490114905362,0.0340070575475692,0.0680141150951385,0.0787826105952262,0.25,0.5133333333333333,0.006666666666666667,0.25666666666666665,cycle_l1
A2B_monet_to_photo,8f02369f42.jpg,8f02369f42.jpg,0.9152526403772314,0.026544626802206,0.053089253604412,0.109114371240139,0.19,0.12,0.043333333333333335,0.11777777777777777,content_preservation
A2B_monet_to_photo,910610e827.jpg,910610e827.jpg,0.71206810164198,0.0148618295788764,0.0297236591577529,0.1393499970436096,0.91,0.0033333333333333335,0.18666666666666668,0.3666666666666667,content_preservation
A2B_monet_to_photo,910729e0ce.jpg,910729e0ce.jpg,0.9148473437302688,0.0328037217259407,0.0656074434518814,0.2281251400709152,0.19333333333333333,0.4533333333333333,0.6433333333333333,0.43,cycle_lpips
A2B_monet_to_photo,92c0ba8c0d.jpg,92c0ba8c0d.jpg,0.938673606215697,0.0314237847924232,0.0628475695848465,0.17070934176445,0.10666666666666667,0.3933333333333333,0.33666666666666667,0.2788888888888889,cycle_l1
A2B_monet_to_photo,93132f89ee.jpg,93132f89ee.jpg,0.8657810135177526,0.0519344620406627,0.1038689240813255,0.2604888081550598,0.4166666666666667,0.9633333333333334,0.7766666666666666,0.7188888888888889,cycle_l1
A2B_monet_to_photo,932d0dd808.jpg,932d0dd808.jpg,0.8066010462779634,0.041900984942913,0.0838019698858261,0.2841616868972778,0.65,0.85,0.84,0.7799999999999999,cycle_l1
A2B_monet_to_photo,95a53d7b0b.jpg,95a53d7b0b.jpg,0.9302535965649849,0.0385396666824817,0.0770793333649635,0.1719845384359359,0.13,0.74,0.35,0.4066666666666667,cycle_l1
A2B_monet_to_photo,95b5f01a85.jpg,95b5f01a85.jpg,0.8834334889535809,0.0288770087063312,0.0577540174126625,0.1165587976574897,0.33666666666666667,0.24333333333333335,0.07666666666666666,0.2188888888888889,content_preservation
A2B_monet_to_photo,9843bc25c5.jpg,9843bc25c5.jpg,0.9588016436944996,0.0297686588019132,0.0595373176038265,0.0862221643328666,0.03333333333333333,0.31333333333333335,0.01,0.11888888888888889,cycle_l1
A2B_monet_to_photo,9908d1daa9.jpg,9908d1daa9.jpg,0.9054230863610434,0.042081631720066,0.0841632634401321,0.2028069943189621,0.23666666666666666,0.8566666666666667,0.5133333333333333,0.5355555555555555,cycle_l1
A2B_monet_to_photo,990ed28f62.jpg,990ed28f62.jpg,0.9088723437104184,0.0295304339379072,0.0590608678758144,0.1508883833885193,0.20666666666666667,0.2966666666666667,0.23666666666666666,0.2466666666666667,cycle_l1
A2B_monet_to_photo,9963d64ebf.jpg,9963d64ebf.jpg,0.5449323506677816,0.0269278399646282,0.0538556799292564,0.1982894390821457,1.0,0.14,0.48333333333333334,0.5411111111111112,content_preservation
A2B_monet_to_photo,99a51d3e25.jpg,99a51d3e25.jpg,0.8447939701339375,0.0340976007282733,0.0681952014565467,0.2780712246894836,0.49333333333333335,0.52,0.8333333333333334,0.6155555555555555,cycle_lpips
A2B_monet_to_photo,99d94af5dd.jpg,99d94af5dd.jpg,0.9684747275764868,0.0274171642959117,0.0548343285918235,0.0907866209745407,0.01,0.16666666666666666,0.013333333333333334,0.06333333333333334,cycle_l1
A2B_monet_to_photo,9ae6552353.jpg,9ae6552353.jpg,0.9055948592099802,0.0262234061956405,0.0524468123912811,0.1663182526826858,0.23333333333333334,0.11,0.33,0.22444444444444445,cycle_lpips
A2B_monet_to_photo,9d58456cc3.jpg,9d58456cc3.jpg,0.7947702473298511,0.0407908707857131,0.0815817415714263,0.3267317712306976,0.7266666666666667,0.8266666666666667,0.94,0.831111111111111,cycle_lpips
A2B_monet_to_photo,9d9a4fccfb.jpg,9d9a4fccfb.jpg,0.5847642414274914,0.0270021967589855,0.054004393517971,0.2127434313297271,0.9933333333333333,0.15,0.5666666666666667,0.57,content_preservation
A2B_monet_to_photo,9db9843ed1.jpg,9db9843ed1.jpg,0.876060975484283,0.0293269883841276,0.0586539767682552,0.1589452624320984,0.37,0.27666666666666667,0.28,0.30888888888888894,content_preservation
A2B_monet_to_photo,9f409e3376.jpg,9f409e3376.jpg,0.9271121055560266,0.0328277759253978,0.0656555518507957,0.1575975716114044,0.14333333333333334,0.45666666666666667,0.26666666666666666,0.2888888888888889,cycle_l1
A2B_monet_to_photo,9fc868e864.jpg,9fc868e864.jpg,0.8088831577380715,0.0331373289227485,0.0662746578454971,0.1247708350419998,0.6366666666666667,0.47,0.11,0.4055555555555556,content_preservation
A2B_monet_to_photo,a030bc32e6.jpg,a030bc32e6.jpg,0.8136063199472617,0.0382184758782386,0.0764369517564773,0.248673990368843,0.6,0.7266666666666667,0.7433333333333333,0.69,cycle_lpips
A2B_monet_to_photo,a06b54dfe9.jpg,a06b54dfe9.jpg,0.7791482470793436,0.0270820315927267,0.0541640631854534,0.2103757411241531,0.7966666666666666,0.15666666666666668,0.55,0.5011111111111112,content_preservation
A2B_monet_to_photo,a202b1b200.jpg,a202b1b200.jpg,0.9625696946297578,0.0342386290431022,0.0684772580862045,0.1641576290130615,0.016666666666666666,0.5233333333333333,0.32,0.2866666666666667,cycle_l1
A2B_monet_to_photo,a210ceedc7.jpg,a210ceedc7.jpg,0.8293141771598744,0.0508520752191543,0.1017041504383087,0.2252114117145538,0.56,0.96,0.6233333333333333,0.7144444444444445,cycle_l1
A2B_monet_to_photo,a4e4a61fb2.jpg,a4e4a61fb2.jpg,0.8115633740459449,0.0356555692851543,0.0713111385703086,0.2211799323558807,0.6133333333333333,0.6066666666666667,0.6,0.6066666666666666,content_preservation
A2B_monet_to_photo,a59f3f5b89.jpg,a59f3f5b89.jpg,0.9190276307035692,0.0356246531009674,0.0712493062019348,0.1412533074617386,0.17333333333333334,0.5966666666666667,0.19666666666666666,0.32222222222222224,cycle_l1
A2B_monet_to_photo,a619072f82.jpg,a619072f82.jpg,0.6565244844945546,0.0612999871373176,0.1225999742746353,0.4305241405963897,0.96,0.9966666666666667,0.9866666666666667,0.9811111111111112,cycle_l1
A2B_monet_to_photo,a6291c2a1c.jpg,a6291c2a1c.jpg,0.8991636459471342,0.0296300500631332,0.0592601001262664,0.1372771859169006,0.27,0.3,0.17,0.2466666666666667,cycle_l1
A2B_monet_to_photo,a642e9cb6f.jpg,a642e9cb6f.jpg,0.7980223900952605,0.048249214887619,0.096498429775238,0.2401733547449112,0.7,0.9433333333333334,0.6966666666666667,0.7799999999999999,cycle_l1
A2B_monet_to_photo,a7977705be.jpg,a7977705be.jpg,0.8488026372975541,0.0349902585148811,0.0699805170297622,0.1883078813552856,0.47,0.5533333333333333,0.4266666666666667,0.4833333333333334,cycle_l1
A2B_monet_to_photo,a7d53885e8.jpg,a7d53885e8.jpg,0.8849557638269793,0.055681400001049,0.111362800002098,0.3291449844837188,0.3233333333333333,0.9733333333333334,0.95,0.7488888888888888,cycle_l1
A2B_monet_to_photo,a885da7b52.jpg,a885da7b52.jpg,0.9061332998083104,0.0395145043730735,0.0790290087461471,0.2021722197532653,0.23,0.7833333333333333,0.5,0.5044444444444445,cycle_l1
A2B_monet_to_photo,a8fbbe3eb1.jpg,a8fbbe3eb1.jpg,0.9413490030006044,0.0234233103692531,0.0468466207385063,0.1200622543692588,0.08666666666666667,0.04,0.09,0.07222222222222223,cycle_lpips
A2B_monet_to_photo,a96b79a93f.jpg,a96b79a93f.jpg,0.8309474497356895,0.0380857661366462,0.0761715322732925,0.3345983922481537,0.5466666666666666,0.7233333333333334,0.9533333333333334,0.7411111111111112,cycle_lpips
A2B_monet_to_photo,aa76c7625a.jpg,aa76c7625a.jpg,0.8516096345680835,0.0445227138698101,0.0890454277396202,0.2263816893100738,0.4533333333333333,0.9,0.63,0.6611111111111111,cycle_l1
A2B_monet_to_photo,ad0101d010.jpg,ad0101d010.jpg,0.7958364230634363,0.0557459592819213,0.1114919185638427,0.3540300726890564,0.7133333333333334,0.9766666666666667,0.97,0.8866666666666667,cycle_l1
A2B_monet_to_photo,ad8ce41fc0.jpg,ad8ce41fc0.jpg,0.8379480767421172,0.0310547407716512,0.0621094815433025,0.1765912473201751,0.5233333333333333,0.37,0.37666666666666665,0.42333333333333334,content_preservation
A2B_monet_to_photo,b1310da865.jpg,b1310da865.jpg,0.9066132384360096,0.0477803014218807,0.0955606028437614,0.2690318524837494,0.22666666666666666,0.9266666666666666,0.8,0.6511111111111111,cycle_l1
A2B_monet_to_photo,b13c0973ee.jpg,b13c0973ee.jpg,0.8991504232916597,0.043372169137001,0.086744338274002,0.1577406823635101,0.2733333333333333,0.8766666666666667,0.27,0.47333333333333333,cycle_l1
A2B_monet_to_photo,b1ea5d5a7d.jpg,b1ea5d5a7d.jpg,0.6665044612800859,0.0285821855068206,0.0571643710136413,0.2223712801933288,0.9433333333333334,0.22666666666666666,0.61,0.5933333333333333,content_preservation
A2B_monet_to_photo,b256e61a5d.jpg,b256e61a5d.jpg,0.9439279409325106,0.0267748590558767,0.0535497181117534,0.1320560574531555,0.07666666666666666,0.13333333333333333,0.14666666666666667,0.11888888888888889,cycle_lpips
A2B_monet_to_photo,b2ce76c750.jpg,b2ce76c750.jpg,0.8302170005689767,0.0456300191581249,0.0912600383162498,0.2502583563327789,0.5566666666666666,0.9066666666666666,0.7466666666666667,0.7366666666666667,cycle_l1
A2B_monet_to_photo,b3adc75e7d.jpg,b3adc75e7d.jpg,0.833077053806395,0.0268830116838216,0.0537660233676433,0.1203128695487976,0.54,0.13666666666666666,0.1,0.2588888888888889,content_preservation
A2B_monet_to_photo,b44f24c048.jpg,b44f24c048.jpg,0.8474205295209897,0.0366740301251411,0.0733480602502822,0.2309216558933258,0.48,0.6666666666666666,0.66,0.6022222222222222,cycle_l1
A2B_monet_to_photo,b5c2fe7c4c.jpg,b5c2fe7c4c.jpg,0.7595218601732371,0.0377405062317848,0.0754810124635696,0.2742626368999481,0.8366666666666667,0.7066666666666667,0.81,0.7844444444444445,content_preservation
A2B_monet_to_photo,b76d52e05a.jpg,b76d52e05a.jpg,0.804029643170659,0.0433261319994926,0.0866522639989852,0.3216505050659179,0.6666666666666666,0.8733333333333333,0.9266666666666666,0.8222222222222223,cycle_lpips
A2B_monet_to_photo,b99546090b.jpg,b99546090b.jpg,0.8133434700874984,0.0313647016882896,0.0627294033765792,0.2150634229183197,0.6033333333333334,0.38333333333333336,0.5766666666666667,0.5211111111111112,content_preservation
A2B_monet_to_photo,ba52f976af.jpg,ba52f976af.jpg,0.6385684860596293,0.0379869937896728,0.0759739875793457,0.1920986324548721,0.9833333333333333,0.72,0.44,0.7144444444444443,content_preservation
A2B_monet_to_photo,baf6efabfe.jpg,baf6efabfe.jpg,0.967017820594193,0.0332381837069988,0.0664763674139976,0.1096437722444534,0.013333333333333334,0.47333333333333333,0.04666666666666667,0.17777777777777778,cycle_l1
A2B_monet_to_photo,bbc5ac4564.jpg,bbc5ac4564.jpg,0.9025079230974624,0.0440922006964683,0.0881844013929367,0.200702428817749,0.24333333333333335,0.8833333333333333,0.49333333333333335,0.54,cycle_l1
A2B_monet_to_photo,bc4b364a44.jpg,bc4b364a44.jpg,0.9258196735454975,0.0323822572827339,0.0647645145654678,0.2091480791568756,0.15666666666666668,0.43,0.54,0.3755555555555556,cycle_lpips
A2B_monet_to_photo,bf6db09354.jpg,bf6db09354.jpg,0.9417383399537752,0.024057351052761,0.0481147021055221,0.1175924465060234,0.08333333333333333,0.05333333333333334,0.08333333333333333,0.07333333333333332,content_preservation
A2B_monet_to_photo,c14505c1da.jpg,c14505c1da.jpg,0.9420740064312598,0.0284598767757415,0.0569197535514831,0.100465215742588,0.08,0.21666666666666667,0.03,0.10888888888888888,cycle_l1
A2B_monet_to_photo,c1dc1a85a4.jpg,c1dc1a85a4.jpg,0.9105315222749328,0.0277658384293317,0.0555316768586635,0.1390796899795532,0.2,0.17666666666666667,0.18333333333333332,0.18666666666666668,content_preservation
A2B_monet_to_photo,c2576267d4.jpg,c2576267d4.jpg,0.8144505881472578,0.0404039397835731,0.0808078795671463,0.2145217657089233,0.5966666666666667,0.82,0.5733333333333334,0.6633333333333332,cycle_l1
A2B_monet_to_photo,c4622e3fb6.jpg,c4622e3fb6.jpg,0.8035530473457922,0.023831870406866,0.0476637408137321,0.2035972028970718,0.67,0.05,0.5233333333333333,0.41444444444444445,content_preservation
A2B_monet_to_photo,c67ba2060c.jpg,c67ba2060c.jpg,0.8879343793912308,0.0363370776176452,0.0726741552352905,0.3070313930511474,0.31,0.65,0.9,0.62,cycle_lpips
A2B_monet_to_photo,c68c52e8fc.jpg,c68c52e8fc.jpg,0.7931402194501391,0.0290695801377296,0.0581391602754592,0.1323573440313339,0.7366666666666667,0.24666666666666667,0.15333333333333332,0.3788888888888889,content_preservation
A2B_monet_to_photo,c6c360756c.jpg,c6c360756c.jpg,0.9194513162441608,0.0281596239656209,0.0563192479312419,0.1173872426152229,0.17,0.2,0.08,0.15,cycle_l1
A2B_monet_to_photo,c6c88ce9c4.jpg,c6c88ce9c4.jpg,0.8801912179980613,0.0415115356445312,0.0830230712890625,0.2446002066135406,0.35,0.84,0.7166666666666667,0.6355555555555555,cycle_l1
A2B_monet_to_photo,c78b4fa3a9.jpg,c78b4fa3a9.jpg,0.9235282107685204,0.0520475730299949,0.1040951460599899,0.1249486207962036,0.16333333333333333,0.9666666666666667,0.11333333333333333,0.4144444444444444,cycle_l1
A2B_monet_to_photo,c7d8142152.jpg,c7d8142152.jpg,0.958577637166418,0.0279115792363882,0.0558231584727764,0.0957678779959678,0.03666666666666667,0.18333333333333332,0.023333333333333334,0.0811111111111111,cycle_l1
A2B_monet_to_photo,cb50326950.jpg,cb50326950.jpg,0.9169817034444844,0.0354767516255378,0.0709535032510757,0.1752634197473526,0.18,0.5833333333333334,0.37,0.37777777777777777,cycle_l1
A2B_monet_to_photo,cb9c553ded.jpg,cb9c553ded.jpg,0.8475285932985165,0.0228751003742218,0.0457502007484436,0.192279040813446,0.4766666666666667,0.02666666666666667,0.44666666666666666,0.31666666666666665,content_preservation
A2B_monet_to_photo,cc2bb659f4.jpg,cc2bb659f4.jpg,0.9452626440521792,0.0387650877237319,0.0775301754474639,0.1863284856081009,0.07333333333333333,0.7566666666666667,0.41,0.41333333333333333,cycle_l1
A2B_monet_to_photo,cd6623d07d.jpg,cd6623d07d.jpg,0.9488556426414172,0.035130925476551,0.0702618509531021,0.1443944722414016,0.06333333333333334,0.5633333333333334,0.21333333333333335,0.28,cycle_l1
A2B_monet_to_photo,cdddf326e3.jpg,cdddf326e3.jpg,0.8093847769746152,0.0307597555220127,0.0615195110440254,0.2329713404178619,0.6333333333333333,0.36,0.6666666666666666,0.5533333333333333,cycle_lpips
A2B_monet_to_photo,ce3e0daddd.jpg,ce3e0daddd.jpg,0.6474371968746332,0.0311520006507635,0.062304001301527,0.271919846534729,0.9733333333333334,0.37666666666666665,0.8066666666666666,0.7188888888888889,content_preservation
A2B_monet_to_photo,ceb6cf5f31.jpg,ceb6cf5f31.jpg,0.940293221567137,0.0396750569343566,0.0793501138687133,0.1594248712062835,0.09666666666666666,0.7933333333333333,0.2833333333333333,0.39111111111111113,cycle_l1
A2B_monet_to_photo,cf6488d84c.jpg,cf6488d84c.jpg,0.785012118676084,0.045967511832714,0.0919350236654281,0.2874519824981689,0.7866666666666666,0.91,0.85,0.8488888888888889,cycle_l1
A2B_monet_to_photo,cfc6fce7b5.jpg,cfc6fce7b5.jpg,0.8671308274821742,0.0356721170246601,0.0713442340493202,0.1824577301740646,0.41333333333333333,0.6133333333333333,0.39,0.47222222222222215,cycle_l1
A2B_monet_to_photo,d05cab011d.jpg,d05cab011d.jpg,0.9295849578514414,0.0271666552871465,0.0543333105742931,0.129198357462883,0.13333333333333333,0.16333333333333333,0.13333333333333333,0.1433333333333333,cycle_l1
A2B_monet_to_photo,d087730b76.jpg,d087730b76.jpg,0.8321487151874617,0.03451818972826,0.06903637945652,0.1151485294103622,0.5433333333333333,0.5366666666666666,0.07,0.38333333333333336,content_preservation
A2B_monet_to_photo,d14c1abdd4.jpg,d14c1abdd4.jpg,0.8045038276660516,0.0364795811474323,0.0729591622948646,0.3006550073623657,0.66,0.6533333333333333,0.88,0.7311111111111112,cycle_lpips
A2B_monet_to_photo,d1d9748a64.jpg,d1d9748a64.jpg,0.7327525957706217,0.0442729890346527,0.0885459780693054,0.3086490035057068,0.8966666666666666,0.8933333333333333,0.91,0.9,cycle_lpips
A2B_monet_to_photo,d239dae42d.jpg,d239dae42d.jpg,0.8935121372911077,0.0501673817634582,0.1003347635269165,0.3505560159683227,0.29333333333333333,0.9566666666666667,0.9633333333333334,0.7377777777777778,cycle_lpips
A2B_monet_to_photo,d4116437bb.jpg,d4116437bb.jpg,0.9378038433014156,0.0304557364434003,0.0609114728868007,0.1209712028503418,0.11333333333333333,0.35333333333333333,0.10333333333333333,0.19000000000000003,cycle_l1
A2B_monet_to_photo,d50049fbfc.jpg,d50049fbfc.jpg,0.7053376625637744,0.0388425104320049,0.0776850208640098,0.1452554166316986,0.9166666666666666,0.76,0.22,0.6322222222222222,content_preservation
A2B_monet_to_photo,d5b0c260a0.jpg,d5b0c260a0.jpg,0.9505770224971072,0.0278011597692966,0.0556023195385932,0.2001677304506302,0.056666666666666664,0.18,0.49,0.24222222222222223,cycle_lpips
A2B_monet_to_photo,d6d6e625bd.jpg,d6d6e625bd.jpg,0.802722263038468,0.028508186340332,0.057016372680664,0.197133719921112,0.6833333333333333,0.22333333333333333,0.4666666666666667,0.45777777777777784,content_preservation
A2B_monet_to_photo,d729785cb8.jpg,d729785cb8.jpg,0.7928145415193429,0.0349245965480804,0.0698491930961608,0.1749007999897003,0.74,0.55,0.36666666666666664,0.5522222222222223,content_preservation
A2B_monet_to_photo,d754850d01.jpg,d754850d01.jpg,0.8747445870888967,0.0363054014742374,0.0726108029484748,0.2455738484859466,0.37666666666666665,0.6466666666666666,0.7233333333333334,0.5822222222222222,cycle_lpips
A2B_monet_to_photo,d7948c7635.jpg,d7948c7635.jpg,0.7955666172838437,0.0376071706414222,0.0752143412828445,0.2355905473232269,0.7166666666666667,0.7033333333333334,0.6766666666666666,0.6988888888888889,content_preservation
A2B_monet_to_photo,d88482796d.jpg,d88482796d.jpg,0.7832613367884312,0.0269289277493953,0.0538578554987907,0.2020579129457473,0.79,0.14333333333333334,0.49666666666666665,0.4766666666666666,content_preservation
A2B_monet_to_photo,d9e8704878.jpg,d9e8704878.jpg,0.931249692482669,0.035509668290615,0.0710193365812301,0.1419271379709243,0.12666666666666668,0.5866666666666667,0.2,0.30444444444444446,cycle_l1
A2B_monet_to_photo,da72006ef5.jpg,da72006ef5.jpg,0.872476891021601,0.0373796485364437,0.0747592970728874,0.277614414691925,0.3933333333333333,0.6966666666666667,0.83,0.64,cycle_lpips
A2B_monet_to_photo,dc33f0edbe.jpg,dc33f0edbe.jpg,0.8444416800262587,0.0392752699553966,0.0785505399107933,0.2953191995620727,0.49666666666666665,0.7766666666666666,0.8733333333333333,0.7155555555555555,cycle_lpips
A2B_monet_to_photo,dcab49d080.jpg,dcab49d080.jpg,0.7398000107371837,0.0312052723020315,0.062410544604063,0.2156331688165664,0.8766666666666667,0.38,0.5833333333333334,0.6133333333333334,content_preservation
A2B_monet_to_photo,dcf5ea1040.jpg,dcf5ea1040.jpg,0.7265912430977467,0.031418602913618,0.0628372058272361,0.1878592073917389,0.9033333333333333,0.39,0.42,0.5711111111111111,content_preservation
A2B_monet_to_photo,dd46691bd7.jpg,dd46691bd7.jpg,0.8119261428071137,0.0309153012931346,0.0618306025862693,0.2567580342292785,0.6066666666666667,0.36666666666666664,0.7533333333333333,0.5755555555555555,cycle_lpips
A2B_monet_to_photo,de6f71b00f.jpg,de6f71b00f.jpg,0.860163202773638,0.023450132459402,0.0469002649188041,0.1058224961161613,0.43,0.043333333333333335,0.04,0.1711111111111111,content_preservation
A2B_monet_to_photo,df64ac2dcb.jpg,df64ac2dcb.jpg,0.8392381959373715,0.029318269342184,0.0586365386843681,0.1423851698637008,0.52,0.2733333333333333,0.20333333333333334,0.33222222222222225,content_preservation
A2B_monet_to_photo,e2253b87a0.jpg,e2253b87a0.jpg,0.8356821835944342,0.03455176576972,0.0691035315394401,0.3279626369476318,0.53,0.54,0.9433333333333334,0.6711111111111112,cycle_lpips
A2B_monet_to_photo,e291f8144f.jpg,e291f8144f.jpg,0.7960344459330485,0.0390163250267505,0.0780326500535011,0.2428345382213592,0.71,0.7633333333333333,0.7066666666666667,0.7266666666666666,cycle_l1
A2B_monet_to_photo,e3112413b1.jpg,e3112413b1.jpg,0.8706638426797974,0.0400109626352787,0.0800219252705574,0.3796202540397644,0.4,0.8033333333333333,0.9833333333333333,0.7288888888888888,cycle_lpips
A2B_monet_to_photo,e37407c747.jpg,e37407c747.jpg,0.8411223729219538,0.0338022820651531,0.0676045641303062,0.2768272161483764,0.5133333333333333,0.5,0.82,0.611111111111111,cycle_lpips
A2B_monet_to_photo,e510a74d3c.jpg,e510a74d3c.jpg,0.776888750844366,0.0281470324844121,0.0562940649688243,0.1711427420377731,0.8066666666666666,0.19666666666666666,0.3466666666666667,0.45,content_preservation
A2B_monet_to_photo,e568f84fad.jpg,e568f84fad.jpg,0.7895302711651789,0.036218985915184,0.072437971830368,0.1955091208219528,0.76,0.6333333333333333,0.46,0.6177777777777778,content_preservation
A2B_monet_to_photo,e753318d04.jpg,e753318d04.jpg,0.8850489687306922,0.0400236919522285,0.080047383904457,0.3002775907516479,0.31666666666666665,0.8066666666666666,0.8766666666666667,0.6666666666666666,cycle_lpips
A2B_monet_to_photo,e88d9de918.jpg,e88d9de918.jpg,0.8988299484540343,0.0252402424812316,0.0504804849624633,0.1054102033376693,0.27666666666666667,0.08333333333333333,0.03666666666666667,0.1322222222222222,content_preservation
A2B_monet_to_photo,e9580cd500.jpg,e9580cd500.jpg,0.7948699987509722,0.0318569764494895,0.0637139528989791,0.1322308778762817,0.7233333333333334,0.41333333333333333,0.15,0.4288888888888889,content_preservation
A2B_monet_to_photo,e9f5563817.jpg,e9f5563817.jpg,0.9085743102847906,0.0408509969711303,0.0817019939422607,0.1406702399253845,0.21,0.83,0.19,0.41,cycle_l1
A2B_monet_to_photo,e9f686534b.jpg,e9f686534b.jpg,0.8880325237013211,0.0299467723816633,0.0598935447633266,0.1611557453870773,0.30666666666666664,0.32,0.30333333333333334,0.31,cycle_l1
A2B_monet_to_photo,eb3cc5c559.jpg,eb3cc5c559.jpg,0.8807212584972767,0.0354180932044982,0.0708361864089965,0.2608449459075928,0.3466666666666667,0.5733333333333334,0.78,0.5666666666666668,cycle_lpips
A2B_monet_to_photo,ec3398cef9.jpg,ec3398cef9.jpg,0.9083891958998171,0.0369186773896217,0.0738373547792434,0.1936376094818115,0.21666666666666667,0.6766666666666666,0.4533333333333333,0.4488888888888889,cycle_l1
A2B_monet_to_photo,ec78d80dbd.jpg,ec78d80dbd.jpg,0.7446573004602125,0.0391259342432022,0.0782518684864044,0.1954099833965301,0.8666666666666667,0.77,0.45666666666666667,0.6977777777777777,content_preservation
A2B_monet_to_photo,ed597655a0.jpg,ed597655a0.jpg,0.9022236558616572,0.04108252748847,0.0821650549769401,0.2933031916618347,0.24666666666666667,0.8333333333333334,0.8633333333333333,0.6477777777777778,cycle_lpips
A2B_monet_to_photo,ede9769cb3.jpg,ede9769cb3.jpg,0.797737750197683,0.03113654255867,0.06227308511734,0.2932307720184326,0.7066666666666667,0.37333333333333335,0.86,0.6466666666666666,cycle_lpips
A2B_monet_to_photo,ee7adac58f.jpg,ee7adac58f.jpg,0.8426339173300043,0.0301573630422353,0.0603147260844707,0.1828105896711349,0.5,0.32666666666666666,0.3933333333333333,0.4066666666666667,content_preservation
A2B_monet_to_photo,f04c9d8e34.jpg,f04c9d8e34.jpg,0.7951579512391684,0.0326603278517723,0.0653206557035446,0.1840450167655944,0.72,0.45,0.4,0.5233333333333333,content_preservation
A2B_monet_to_photo,f0884db067.jpg,f0884db067.jpg,0.9572418720441076,0.0358988158404827,0.0717976316809654,0.2683091163635254,0.043333333333333335,0.6233333333333333,0.7966666666666666,0.4877777777777778,cycle_lpips
A2B_monet_to_photo,f0d789c4bc.jpg,f0d789c4bc.jpg,0.8100447823267707,0.0348713807761669,0.0697427615523338,0.2074837684631347,0.6233333333333333,0.5466666666666666,0.5366666666666666,0.5688888888888889,content_preservation
A2B_monet_to_photo,f4413e97bd.jpg,f4413e97bd.jpg,0.6251526522419202,0.0392446815967559,0.0784893631935119,0.2759212851524353,0.99,0.7733333333333333,0.8133333333333334,0.8588888888888889,content_preservation
A2B_monet_to_photo,f486c1655f.jpg,f486c1655f.jpg,0.939722568873674,0.04935147985816,0.09870295971632,0.2763566076755523,0.10333333333333333,0.9533333333333334,0.8166666666666667,0.6244444444444445,cycle_l1
A2B_monet_to_photo,f7836c88eb.jpg,f7836c88eb.jpg,0.6951258995004156,0.0362686365842819,0.0725372731685638,0.1818295419216156,0.93,0.64,0.38333333333333336,0.6511111111111111,content_preservation
A2B_monet_to_photo,f821791c85.jpg,f821791c85.jpg,0.87481542643519,0.0291217695921659,0.0582435391843318,0.1384771913290023,0.37333333333333335,0.25333333333333335,0.17666666666666667,0.2677777777777778,content_preservation
A2B_monet_to_photo,f84fb4516a.jpg,f84fb4516a.jpg,0.8009590106078082,0.0338283255696296,0.0676566511392593,0.2365414798259735,0.6933333333333334,0.5033333333333333,0.6833333333333333,0.6266666666666667,content_preservation
A2B_monet_to_photo,f96a8de9f3.jpg,f96a8de9f3.jpg,0.7122670935844052,0.0220911465585231,0.0441822931170463,0.2022227793931961,0.9066666666666666,0.023333333333333334,0.5033333333333333,0.4777777777777777,content_preservation
A2B_monet_to_photo,fb3b06dcb2.jpg,fb3b06dcb2.jpg,0.7606878113746283,0.0314842537045478,0.0629685074090957,0.2355635166168213,0.83,0.39666666666666667,0.6733333333333333,0.6333333333333333,content_preservation
A2B_monet_to_photo,fb806a2a1c.jpg,fb806a2a1c.jpg,0.8687161058416278,0.0350786298513412,0.0701572597026825,0.2335177958011627,0.4066666666666667,0.56,0.67,0.5455555555555556,cycle_lpips
A2B_monet_to_photo,fb93438ff9.jpg,fb93438ff9.jpg,0.7437410251489864,0.0257892049849033,0.0515784099698066,0.1367076337337494,0.87,0.09,0.16333333333333333,0.3744444444444444,content_preservation
A2B_monet_to_photo,fba982625d.jpg,fba982625d.jpg,0.8290289517491474,0.0444520935416221,0.0889041870832443,0.323221892118454,0.5633333333333334,0.8966666666666666,0.93,0.7966666666666667,cycle_lpips
A2B_monet_to_photo,fc11d52502.jpg,fc11d52502.jpg,0.8847349718728155,0.0394042134284973,0.0788084268569946,0.2259327322244644,0.33,0.78,0.6266666666666667,0.5788888888888889,cycle_l1
A2B_monet_to_photo,fd63a333f1.jpg,fd63a333f1.jpg,0.8514352990020538,0.035551980137825,0.07110396027565,0.2116224467754364,0.45666666666666667,0.59,0.5633333333333334,0.5366666666666666,cycle_l1
A2B_monet_to_photo,fdf1530d95.jpg,fdf1530d95.jpg,0.8099286428537886,0.0270943082869052,0.0541886165738105,0.2214783728122711,0.6266666666666667,0.16,0.6066666666666667,0.4644444444444445,content_preservation
A2B_monet_to_photo,ffd74c77ea.jpg,ffd74c77ea.jpg,0.7758028045044395,0.0245402138680219,0.0490804277360439,0.1496630758047104,0.81,0.06333333333333334,0.23333333333333334,0.3688888888888889,content_preservation
B2A_photo_to_monet,00068bc07f.jpg,00068bc07f.jpg,0.7148228819321365,0.0543511435389518,0.1087022870779037,0.1708447635173797,0.7833333333333333,0.76,0.5933333333333334,0.7122222222222222,content_preservation
B2A_photo_to_monet,000910d219.jpg,000910d219.jpg,0.7468131174751876,0.0431784950196743,0.0863569900393486,0.1504476219415664,0.7,0.5233333333333333,0.42333333333333334,0.5488888888888889,content_preservation
B2A_photo_to_monet,000ded5c41.jpg,000ded5c41.jpg,0.7684125985628797,0.0368188321590423,0.0736376643180847,0.1512190997600555,0.6133333333333333,0.3566666666666667,0.43,0.4666666666666666,content_preservation
B2A_photo_to_monet,00104fd531.jpg,00104fd531.jpg,0.5271569704745753,0.0246283710002899,0.0492567420005798,0.1835174560546875,0.99,0.05,0.6966666666666667,0.5788888888888889,content_preservation
B2A_photo_to_monet,001158d595.jpg,001158d595.jpg,0.8099707871843721,0.0300074275583028,0.0600148551166057,0.1144133508205413,0.47,0.12666666666666668,0.07333333333333333,0.22333333333333336,content_preservation
B2A_photo_to_monet,0033c5f971.jpg,0033c5f971.jpg,0.7049154633832415,0.0462926626205444,0.0925853252410888,0.189866155385971,0.8033333333333333,0.5833333333333334,0.7366666666666667,0.7077777777777778,content_preservation
B2A_photo_to_monet,0039ebb598.jpg,0039ebb598.jpg,0.6586703874906206,0.0352832078933715,0.0705664157867431,0.1766314804553985,0.8733333333333333,0.3,0.6533333333333333,0.6088888888888889,content_preservation
B2A_photo_to_monet,003aab6fdd.jpg,003aab6fdd.jpg,0.7643716215457996,0.0859972834587097,0.1719945669174194,0.306044191122055,0.63,0.9833333333333333,0.96,0.8577777777777778,cycle_l1
B2A_photo_to_monet,003c6c30e0.jpg,003c6c30e0.jpg,0.7590385821773977,0.036690317094326,0.073380634188652,0.1822326183319091,0.6566666666666666,0.3466666666666667,0.6866666666666666,0.5633333333333334,cycle_lpips
B2A_photo_to_monet,00479e2a21.jpg,00479e2a21.jpg,0.7765513133401587,0.0301929265260696,0.0603858530521392,0.1609040051698684,0.5833333333333334,0.13,0.5266666666666666,0.41333333333333333,content_preservation
B2A_photo_to_monet,005f987f56.jpg,005f987f56.jpg,0.7168533941506331,0.0306475460529327,0.0612950921058654,0.1712200343608856,0.7766666666666666,0.14333333333333334,0.5966666666666667,0.5055555555555555,content_preservation
B2A_photo_to_monet,0080f94ebc.jpg,0080f94ebc.jpg,0.7328671388972815,0.0528418943285942,0.1056837886571884,0.1630904227495193,0.74,0.7233333333333334,0.55,0.6711111111111112,content_preservation
B2A_photo_to_monet,00882b7e1d.jpg,00882b7e1d.jpg,0.5830082914544478,0.0673462897539138,0.1346925795078277,0.1547474116086959,0.9633333333333334,0.9333333333333333,0.46,0.7855555555555557,content_preservation
B2A_photo_to_monet,009d534136.jpg,009d534136.jpg,0.8386844180467481,0.0377415791153907,0.0754831582307815,0.1336838901042938,0.3,0.38666666666666666,0.24666666666666667,0.3111111111111111,cycle_l1
B2A_photo_to_monet,009ddaed1f.jpg,009ddaed1f.jpg,0.8117903836007083,0.0384744144976139,0.0769488289952278,0.2091866284608841,0.4533333333333333,0.42,0.8333333333333334,0.5688888888888889,cycle_lpips
B2A_photo_to_monet,00aeb60e25.jpg,00aeb60e25.jpg,0.7686418415289976,0.0321310609579086,0.0642621219158172,0.1325398385524749,0.61,0.19333333333333333,0.23333333333333334,0.34555555555555556,content_preservation
B2A_photo_to_monet,00c6a0ad1e.jpg,00c6a0ad1e.jpg,0.8269942464669348,0.0542560182511806,0.1085120365023613,0.22133369743824,0.37,0.7566666666666667,0.8566666666666667,0.6611111111111111,cycle_lpips
B2A_photo_to_monet,00dcf0f1e3.jpg,00dcf0f1e3.jpg,0.770249742514649,0.0537473671138286,0.1074947342276573,0.1416373699903488,0.6033333333333334,0.75,0.3333333333333333,0.5622222222222223,cycle_l1
B2A_photo_to_monet,00dff09ebe.jpg,00dff09ebe.jpg,0.6231126836436786,0.0308039933443069,0.0616079866886138,0.1724413931369781,0.9266666666666666,0.14666666666666667,0.61,0.561111111111111,content_preservation
B2A_photo_to_monet,00e1798585.jpg,00e1798585.jpg,0.8008685535080964,0.0316961370408535,0.063392274081707,0.1405371129512787,0.49666666666666665,0.17333333333333334,0.32,0.33,content_preservation
B2A_photo_to_monet,00e64e1b2c.jpg,00e64e1b2c.jpg,0.6814161924285386,0.0498440973460674,0.0996881946921348,0.1290093809366226,0.8433333333333334,0.66,0.20333333333333334,0.5688888888888889,content_preservation
B2A_photo_to_monet,00f78547f0.jpg,00f78547f0.jpg,0.8334343169027746,0.0421742275357246,0.0843484550714492,0.2058931589126587,0.32666666666666666,0.5166666666666667,0.8266666666666667,0.5566666666666666,cycle_lpips
B2A_photo_to_monet,00fcff630e.jpg,00fcff630e.jpg,0.8158574748808374,0.0412155091762542,0.0824310183525085,0.1548328548669815,0.43,0.49666666666666665,0.4666666666666667,0.46444444444444444,cycle_l1
B2A_photo_to_monet,01135e4771.jpg,01135e4771.jpg,0.932001297500082,0.0497093796730041,0.0994187593460083,0.0936839133501052,0.0033333333333333335,0.6533333333333333,0.02,0.22555555555555554,cycle_l1
B2A_photo_to_monet,011f46de73.jpg,011f46de73.jpg,0.8132129840694786,0.0257703214883804,0.0515406429767608,0.118423655629158,0.44666666666666666,0.05333333333333334,0.11333333333333333,0.20444444444444443,content_preservation
B2A_photo_to_monet,012df5ce29.jpg,012df5ce29.jpg,0.9205852666725046,0.0336054041981697,0.0672108083963394,0.1230702251195907,0.016666666666666666,0.23666666666666666,0.15,0.13444444444444445,cycle_l1
B2A_photo_to_monet,01416e7ada.jpg,01416e7ada.jpg,0.853864648518632,0.0594994984567165,0.118998996913433,0.2702781558036804,0.22,0.86,0.9366666666666666,0.6722222222222222,cycle_lpips
B2A_photo_to_monet,01480da48f.jpg,01480da48f.jpg,0.5435106925452681,0.044373445212841,0.088746890425682,0.1785899847745895,0.98,0.55,0.67,0.7333333333333334,content_preservation
B2A_photo_to_monet,0159685c51.jpg,0159685c51.jpg,0.6259029868254081,0.0920597463846206,0.1841194927692413,0.3389494121074676,0.92,0.99,0.98,0.9633333333333334,cycle_l1
B2A_photo_to_monet,015f79b672.jpg,015f79b672.jpg,0.8654313903749218,0.0387371554970741,0.0774743109941482,0.2011481821537017,0.16,0.43333333333333335,0.7933333333333333,0.46222222222222226,cycle_lpips
B2A_photo_to_monet,01622039ef.jpg,01622039ef.jpg,0.7626470250441773,0.0551439076662063,0.1102878153324127,0.1458547562360763,0.6433333333333333,0.78,0.37333333333333335,0.5988888888888889,cycle_l1
B2A_photo_to_monet,0162322d2d.jpg,0162322d2d.jpg,0.7654460573987913,0.0547740459442138,0.1095480918884277,0.1415340304374694,0.6233333333333333,0.7733333333333333,0.33,0.5755555555555555,cycle_l1
B2A_photo_to_monet,016d408833.jpg,016d408833.jpg,0.878908519262099,0.0610862486064434,0.1221724972128868,0.2964497208595276,0.11666666666666667,0.8833333333333333,0.9566666666666667,0.6522222222222221,cycle_lpips
B2A_photo_to_monet,016f524878.jpg,016f524878.jpg,0.8243426917868494,0.0585877001285553,0.1171754002571106,0.1574192643165588,0.38,0.8433333333333334,0.4766666666666667,0.5666666666666668,cycle_l1
B2A_photo_to_monet,017018f377.jpg,017018f377.jpg,0.5350058380434004,0.0434585288166999,0.0869170576333999,0.1747410148382187,0.9866666666666667,0.5266666666666666,0.6266666666666667,0.7133333333333333,content_preservation
B2A_photo_to_monet,01771d99c3.jpg,01771d99c3.jpg,0.7315453118137085,0.0281497947871685,0.056299589574337,0.1456086635589599,0.7433333333333333,0.07666666666666666,0.37,0.39666666666666667,content_preservation
B2A_photo_to_monet,017aacad6e.jpg,017aacad6e.jpg,0.7332048903803952,0.0477945618331432,0.0955891236662864,0.1867073476314544,0.7366666666666667,0.61,0.7133333333333334,0.6866666666666666,content_preservation
B2A_photo_to_monet,018be60883.jpg,018be60883.jpg,0.7593055605833107,0.0194367747753858,0.0388735495507717,0.1191852837800979,0.6533333333333333,0.006666666666666667,0.12,0.26,content_preservation
B2A_photo_to_monet,018db0f253.jpg,018db0f253.jpg,0.6639140352888444,0.0615303292870521,0.1230606585741043,0.2023544907569885,0.8633333333333333,0.89,0.8,0.8511111111111113,cycle_l1
B2A_photo_to_monet,01952c7673.jpg,01952c7673.jpg,0.873496385347759,0.0818900167942047,0.1637800335884094,0.3129566311836242,0.13666666666666666,0.9733333333333334,0.9666666666666667,0.6922222222222222,cycle_l1
B2A_photo_to_monet,01971e48e5.jpg,01971e48e5.jpg,0.7397591962287874,0.0284762736409902,0.0569525472819805,0.142192080616951,0.72,0.09,0.34,0.3833333333333333,content_preservation
B2A_photo_to_monet,019cf7682d.jpg,019cf7682d.jpg,0.9164810870184478,0.0385125651955604,0.0770251303911209,0.1036200821399688,0.023333333333333334,0.42333333333333334,0.03333333333333333,0.16,cycle_l1
B2A_photo_to_monet,01ae8be57e.jpg,01ae8be57e.jpg,0.8330940888947116,0.0303835682570934,0.0607671365141868,0.1286603361368179,0.3333333333333333,0.14,0.2,0.22444444444444445,content_preservation
B2A_photo_to_monet,01af5f8623.jpg,01af5f8623.jpg,0.8341444961481725,0.0462006740272045,0.092401348054409,0.1325572729110717,0.3233333333333333,0.58,0.23666666666666666,0.37999999999999995,cycle_l1
B2A_photo_to_monet,01bce47d3f.jpg,01bce47d3f.jpg,0.8172651347222515,0.0287347342818975,0.057469468563795,0.1195087283849716,0.41333333333333333,0.1,0.12333333333333334,0.2122222222222222,content_preservation
B2A_photo_to_monet,01c4f86e3e.jpg,01c4f86e3e.jpg,0.6319603893353789,0.0309973210096359,0.0619946420192718,0.1394283175468444,0.9166666666666666,0.15333333333333332,0.29,0.4533333333333333,content_preservation
B2A_photo_to_monet,01f7a6398e.jpg,01f7a6398e.jpg,0.8366634518086923,0.0781829431653022,0.1563658863306045,0.2867916524410248,0.30333333333333334,0.9633333333333334,0.9533333333333334,0.7399999999999999,cycle_l1
B2A_photo_to_monet,02001e59af.jpg,02001e59af.jpg,0.8806190258221599,0.0494164451956748,0.0988328903913497,0.1600233614444732,0.11333333333333333,0.6466666666666666,0.5166666666666667,0.4255555555555555,cycle_l1
B2A_photo_to_monet,0212257854.jpg,0212257854.jpg,0.6692693133732214,0.0398808568716049,0.0797617137432098,0.2032404541969299,0.8566666666666667,0.4533333333333333,0.81,0.7066666666666667,content_preservation
B2A_photo_to_monet,021df2c226.jpg,021df2c226.jpg,0.7393171918272572,0.0440817102789878,0.0881634205579757,0.1411705315113067,0.7233333333333334,0.5366666666666666,0.32666666666666666,0.5288888888888889,content_preservation
B2A_photo_to_monet,022ca16b0f.jpg,022ca16b0f.jpg,0.7375398080736921,0.0443117581307888,0.0886235162615776,0.1528461426496505,0.7266666666666667,0.5466666666666666,0.44,0.5711111111111111,content_preservation
B2A_photo_to_monet,023637f8fb.jpg,023637f8fb.jpg,0.6170934620853818,0.0487884804606437,0.0975769609212875,0.1756030768156051,0.9366666666666666,0.6366666666666667,0.6466666666666666,0.7399999999999999,content_preservation
B2A_photo_to_monet,023eed0385.jpg,023eed0385.jpg,0.6705184688232002,0.0346635617315769,0.0693271234631538,0.1706388294696808,0.8533333333333334,0.27,0.59,0.5711111111111111,content_preservation
B2A_photo_to_monet,023f3cbb75.jpg,023f3cbb75.jpg,0.8191860816982562,0.0437000170350074,0.0874000340700149,0.1403387486934662,0.4066666666666667,0.53,0.31666666666666665,0.4177777777777778,cycle_l1
B2A_photo_to_monet,0240a597f5.jpg,0240a597f5.jpg,0.7814550841698102,0.0303523205220699,0.0607046410441398,0.1772634536027908,0.5666666666666667,0.13333333333333333,0.66,0.4533333333333333,cycle_lpips
B2A_photo_to_monet,024d98032b.jpg,024d98032b.jpg,0.7947410830779692,0.0290960725396871,0.0581921450793743,0.0836580097675323,0.5066666666666667,0.11333333333333333,0.006666666666666667,0.2088888888888889,content_preservation
B2A_photo_to_monet,0254fc91bd.jpg,0254fc91bd.jpg,0.7369474001204099,0.0691773146390914,0.1383546292781829,0.2448924779891967,0.73,0.9466666666666667,0.8933333333333333,0.8566666666666668,cycle_l1
B2A_photo_to_monet,02620a36f7.jpg,02620a36f7.jpg,0.8351026686919714,0.0363745763897895,0.0727491527795791,0.179483100771904,0.32,0.34,0.6766666666666666,0.44555555555555554,cycle_lpips
B2A_photo_to_monet,026ac33f9c.jpg,026ac33f9c.jpg,0.8110820522427318,0.0470218285918235,0.0940436571836471,0.1421478688716888,0.46,0.5933333333333334,0.33666666666666667,0.4633333333333334,cycle_l1
B2A_photo_to_monet,029524fd91.jpg,029524fd91.jpg,0.8430737965955952,0.0545234903693199,0.1090469807386398,0.1251961141824722,0.28,0.7666666666666667,0.16,0.40222222222222226,cycle_l1
B2A_photo_to_monet,029854a790.jpg,029854a790.jpg,0.6337860859157111,0.0625388473272323,0.1250776946544647,0.2614207863807678,0.9133333333333333,0.9,0.9133333333333333,0.9088888888888889,content_preservation
B2A_photo_to_monet,02a1366c74.jpg,02a1366c74.jpg,0.7904650336772022,0.0384218208491802,0.0768436416983604,0.135748952627182,0.5233333333333333,0.4166666666666667,0.26,0.39999999999999997,content_preservation
B2A_photo_to_monet,02a4445906.jpg,02a4445906.jpg,0.7546816976185661,0.036303024739027,0.072606049478054,0.1585180014371872,0.67,0.33666666666666667,0.5066666666666667,0.5044444444444446,content_preservation
B2A_photo_to_monet,02b232fc78.jpg,02b232fc78.jpg,0.7881115192502195,0.0411179587244987,0.0822359174489975,0.1755845099687576,0.5266666666666666,0.49,0.6433333333333333,0.5533333333333333,cycle_lpips
B2A_photo_to_monet,02c43186c8.jpg,02c43186c8.jpg,0.8654098817131514,0.0285278763622045,0.0570557527244091,0.1338814347982406,0.16333333333333333,0.09333333333333334,0.25,0.16888888888888887,cycle_lpips
B2A_photo_to_monet,02c6c1f6a9.jpg,02c6c1f6a9.jpg,0.7307702863392697,0.033190332353115,0.0663806647062301,0.1582568436861038,0.75,0.22333333333333333,0.5,0.4911111111111111,content_preservation
B2A_photo_to_monet,02cd89f56d.jpg,02cd89f56d.jpg,0.8272768364040939,0.0549901574850082,0.1099803149700164,0.1768154054880142,0.36333333333333334,0.7766666666666666,0.6566666666666666,0.5988888888888888,cycle_l1
B2A_photo_to_monet,02d763f1c2.jpg,02d763f1c2.jpg,0.7062099486433094,0.0385718867182731,0.0771437734365463,0.1184657886624336,0.8,0.4266666666666667,0.11666666666666667,0.44777777777777783,content_preservation
B2A_photo_to_monet,02ded12bbd.jpg,02ded12bbd.jpg,0.3222193880184738,0.0453521534800529,0.0907043069601059,0.4062255322933197,1.0,0.57,1.0,0.8566666666666666,content_preservation
B2A_photo_to_monet,02ea18a456.jpg,02ea18a456.jpg,0.8737979211115279,0.0352508537471294,0.0705017074942588,0.1531771421432495,0.13333333333333333,0.2966666666666667,0.44333333333333336,0.29111111111111115,cycle_lpips
B2A_photo_to_monet,02ec33e094.jpg,02ec33e094.jpg,0.8085046568722409,0.0224660020321607,0.0449320040643215,0.1380101293325424,0.47333333333333333,0.02666666666666667,0.27,0.25666666666666665,content_preservation
B2A_photo_to_monet,0312af1e14.jpg,0312af1e14.jpg,0.6170267024168941,0.0234808754175901,0.0469617508351802,0.1392434537410736,0.94,0.03333333333333333,0.2833333333333333,0.41888888888888887,content_preservation
B2A_photo_to_monet,032389e868.jpg,032389e868.jpg,0.7260374132104782,0.0314350053668022,0.0628700107336044,0.1775826513767242,0.7566666666666667,0.16333333333333333,0.6633333333333333,0.5277777777777778,content_preservation
B2A_photo_to_monet,03242238ae.jpg,03242238ae.jpg,0.8885778361633364,0.0498675256967544,0.0997350513935089,0.3148529827594757,0.08,0.6633333333333333,0.97,0.5711111111111111,cycle_lpips
B2A_photo_to_monet,0324f82fee.jpg,0324f82fee.jpg,0.8147100312812097,0.0333789102733135,0.066757820546627,0.1908315420150756,0.43666666666666665,0.22666666666666666,0.74,0.4677777777777778,cycle_lpips
B2A_photo_to_monet,0341fa51d0.jpg,0341fa51d0.jpg,0.8124955647204306,0.0358944833278656,0.0717889666557312,0.1368800103664398,0.45,0.3233333333333333,0.2633333333333333,0.34555555555555556,content_preservation
B2A_photo_to_monet,0344a47135.jpg,0344a47135.jpg,0.868970328209689,0.0677533894777298,0.1355067789554596,0.1866083294153213,0.15,0.9366666666666666,0.71,0.5988888888888889,cycle_l1
B2A_photo_to_monet,034627340c.jpg,034627340c.jpg,0.8530290313144973,0.0352964177727699,0.0705928355455398,0.101795457303524,0.22666666666666666,0.30333333333333334,0.02666666666666667,0.18555555555555556,cycle_l1
B2A_photo_to_monet,0362dd81bb.jpg,0362dd81bb.jpg,0.8906071626290313,0.0480462871491909,0.0960925742983818,0.1434850543737411,0.07,0.62,0.35,0.3466666666666667,cycle_l1
B2A_photo_to_monet,0378bcc7c9.jpg,0378bcc7c9.jpg,0.8360672170188556,0.0534507185220718,0.1069014370441436,0.2028950601816177,0.30666666666666664,0.7366666666666667,0.8066666666666666,0.6166666666666667,cycle_lpips
B2A_photo_to_monet,03950208ff.jpg,03950208ff.jpg,0.912498366956768,0.0514383576810359,0.1028767153620719,0.2645643055438995,0.03,0.6866666666666666,0.9233333333333333,0.5466666666666667,cycle_lpips
B2A_photo_to_monet,03a17d96e1.jpg,03a17d96e1.jpg,0.6873587086746465,0.0347321107983589,0.0694642215967178,0.172257125377655,0.8366666666666667,0.2733333333333333,0.6066666666666667,0.5722222222222222,content_preservation
B2A_photo_to_monet,03a21c1b9c.jpg,03a21c1b9c.jpg,0.576847767324982,0.0498372986912727,0.0996745973825454,0.114964835345745,0.9666666666666667,0.6566666666666666,0.08,0.5677777777777778,content_preservation
B2A_photo_to_monet,03a2b7ce83.jpg,03a2b7ce83.jpg,0.8182571880995305,0.0284626185894012,0.0569252371788024,0.1441161632537841,0.41,0.08666666666666667,0.35333333333333333,0.2833333333333333,content_preservation
B2A_photo_to_monet,03ae080a47.jpg,03ae080a47.jpg,0.8324283404690344,0.0374743603169918,0.0749487206339836,0.1326756477355957,0.34,0.38,0.24,0.32,cycle_l1
B2A_photo_to_monet,03ae26ed88.jpg,03ae26ed88.jpg,0.894196468908031,0.0521278344094753,0.1042556688189506,0.147232636809349,0.056666666666666664,0.7133333333333334,0.39666666666666667,0.3888888888888889,cycle_l1
B2A_photo_to_monet,03bac83f64.jpg,03bac83f64.jpg,0.7700426167209509,0.0473706349730491,0.0947412699460983,0.1748820543289184,0.6066666666666667,0.6,0.63,0.6122222222222221,cycle_lpips
B2A_photo_to_monet,03be88270f.jpg,03be88270f.jpg,0.8201662001724811,0.0342056900262832,0.0684113800525665,0.1575511991977691,0.39666666666666667,0.25666666666666665,0.48,0.37777777777777777,cycle_lpips
B2A_photo_to_monet,03c5d1d098.jpg,03c5d1d098.jpg,0.75185029023542,0.0338137745857238,0.0676275491714477,0.2058480530977249,0.6733333333333333,0.24666666666666667,0.8233333333333334,0.5811111111111111,cycle_lpips
B2A_photo_to_monet,03c9f2e3c2.jpg,03c9f2e3c2.jpg,0.8906198807587371,0.068384826183319,0.1367696523666381,0.2519215047359466,0.06666666666666667,0.94,0.9,0.6355555555555555,cycle_l1
B2A_photo_to_monet,03c9f3d584.jpg,03c9f3d584.jpg,0.8843659200686707,0.0372858196496963,0.0745716392993927,0.090732455253601,0.09666666666666666,0.37666666666666665,0.016666666666666666,0.16333333333333333,cycle_l1
B2A_photo_to_monet,03cc206144.jpg,03cc206144.jpg,0.8477193402240467,0.0532526485621929,0.1065052971243858,0.1627051532268524,0.2633333333333333,0.7333333333333333,0.5466666666666666,0.5144444444444444,cycle_l1
B2A_photo_to_monet,03d47c18a5.jpg,03d47c18a5.jpg,0.8478189001550893,0.026911711320281,0.053823422640562,0.1074989959597587,0.26,0.056666666666666664,0.04666666666666667,0.12111111111111111,content_preservation
B2A_photo_to_monet,03d6a4d860.jpg,03d6a4d860.jpg,0.634578479129897,0.0488521382212638,0.0977042764425277,0.1734472513198852,0.91,0.64,0.6233333333333333,0.7244444444444444,content_preservation
B2A_photo_to_monet,03dde7a28f.jpg,03dde7a28f.jpg,0.9007355763174212,0.0661971867084503,0.1323943734169006,0.2660007774829864,0.04,0.9166666666666666,0.93,0.6288888888888889,cycle_lpips
B2A_photo_to_monet,03e48faafa.jpg,03e48faafa.jpg,0.7649576670208472,0.0382771790027618,0.0765543580055236,0.1461739391088485,0.6266666666666667,0.41,0.38,0.47222222222222215,content_preservation
B2A_photo_to_monet,03fd7067c1.jpg,03fd7067c1.jpg,0.8910761644875727,0.0579973459243774,0.1159946918487548,0.2864651083946228,0.06333333333333334,0.83,0.95,0.6144444444444445,cycle_lpips
B2A_photo_to_monet,03fe5d2263.jpg,03fe5d2263.jpg,0.6813057308737144,0.038159605115652,0.0763192102313041,0.121311992406845,0.8466666666666667,0.4066666666666667,0.13666666666666666,0.4633333333333334,content_preservation
B2A_photo_to_monet,0409e76de0.jpg,0409e76de0.jpg,0.7619362039141988,0.0344577506184577,0.0689155012369155,0.1473433226346969,0.6466666666666666,0.2633333333333333,0.4066666666666667,0.4388888888888889,content_preservation
B2A_photo_to_monet,0425fc7ce5.jpg,0425fc7ce5.jpg,0.7859857484614057,0.0476114898920059,0.0952229797840118,0.1509548127651214,0.5366666666666666,0.6066666666666667,0.4266666666666667,0.5233333333333333,cycle_l1
B2A_photo_to_monet,042f0e804d.jpg,042f0e804d.jpg,0.7435480693119564,0.0282906927168369,0.0565813854336738,0.1123753264546394,0.7066666666666667,0.08333333333333333,0.06666666666666667,0.28555555555555556,content_preservation
B2A_photo_to_monet,0435dc46a4.jpg,0435dc46a4.jpg,0.7469988474441683,0.034754779189825,0.0695095583796501,0.1038692593574523,0.6966666666666667,0.27666666666666667,0.03666666666666667,0.33666666666666667,content_preservation
B2A_photo_to_monet,0436aaaf16.jpg,0436aaaf16.jpg,0.806672227704382,0.0495880097150802,0.0991760194301605,0.1981746852397918,0.48,0.65,0.7766666666666666,0.6355555555555555,cycle_lpips
B2A_photo_to_monet,04387e4338.jpg,04387e4338.jpg,0.7139918919623582,0.0664744973182678,0.1329489946365356,0.1535567641258239,0.7866666666666666,0.92,0.45,0.7188888888888889,cycle_l1
B2A_photo_to_monet,043b541b77.jpg,043b541b77.jpg,0.9177401942736472,0.0512702167034149,0.1025404334068298,0.1724516749382019,0.02,0.6833333333333333,0.6133333333333333,0.4388888888888889,cycle_l1
B2A_photo_to_monet,044c1653cf.jpg,044c1653cf.jpg,0.7916548436055152,0.0602582693099975,0.1205165386199951,0.1400534808635711,0.5166666666666667,0.8733333333333333,0.30666666666666664,0.5655555555555556,cycle_l1
B2A_photo_to_monet,0450d4f8ae.jpg,0450d4f8ae.jpg,0.8356384857241865,0.0245645269751548,0.0491290539503097,0.1136191636323928,0.31666666666666665,0.04666666666666667,0.07,0.14444444444444446,content_preservation
B2A_photo_to_monet,0451cdb867.jpg,0451cdb867.jpg,0.5851411302695306,0.0634691715240478,0.1269383430480957,0.2813515961170196,0.96,0.9033333333333333,0.94,0.9344444444444444,content_preservation
B2A_photo_to_monet,045e937903.jpg,045e937903.jpg,0.8168001748562188,0.0290160235017538,0.0580320470035076,0.1224798262119293,0.4166666666666667,0.11,0.14666666666666667,0.22444444444444445,content_preservation
B2A_photo_to_monet,0466d4cdf9.jpg,0466d4cdf9.jpg,0.7513084486981197,0.0349192470312118,0.0698384940624237,0.1269945204257965,0.6766666666666666,0.29,0.17,0.37888888888888883,content_preservation
B2A_photo_to_monet,0473a25050.jpg,0473a25050.jpg,0.7304373344827146,0.037107914686203,0.074215829372406,0.1622482538223266,0.7533333333333333,0.36666666666666664,0.5366666666666666,0.5522222222222222,content_preservation
B2A_photo_to_monet,047acab66b.jpg,047acab66b.jpg,0.832371328992002,0.0291399639099836,0.0582799278199672,0.1678985655307769,0.3433333333333333,0.11666666666666667,0.57,0.34333333333333327,cycle_lpips
B2A_photo_to_monet,047da870f6.jpg,047da870f6.jpg,0.8870193842498676,0.033583752810955,0.0671675056219101,0.0885749161243438,0.08333333333333333,0.23333333333333334,0.013333333333333334,0.10999999999999999,cycle_l1
B2A_photo_to_monet,04838b8b1e.jpg,04838b8b1e.jpg,0.839068624126167,0.0389052256941795,0.077810451388359,0.1399121135473251,0.29333333333333333,0.43666666666666665,0.30333333333333334,0.3444444444444444,cycle_l1
B2A_photo_to_monet,049576d31c.jpg,049576d31c.jpg,0.7816539119135567,0.072345457971096,0.144690915942192,0.3118863701820373,0.5633333333333334,0.9533333333333334,0.9633333333333334,0.8266666666666667,cycle_lpips
B2A_photo_to_monet,049b0ece59.jpg,049b0ece59.jpg,0.8990700732771258,0.0610443726181983,0.1220887452363967,0.199274480342865,0.043333333333333335,0.88,0.7833333333333333,0.5688888888888889,cycle_l1
B2A_photo_to_monet,04a5fc42e1.jpg,04a5fc42e1.jpg,0.838943944438311,0.0276460982859134,0.0552921965718269,0.1173005700111389,0.2966666666666667,0.06666666666666667,0.1,0.15444444444444447,content_preservation
B2A_photo_to_monet,04b8bfdb1c.jpg,04b8bfdb1c.jpg,0.8659084906496376,0.0507990382611751,0.1015980765223503,0.1402929872274398,0.15333333333333332,0.68,0.31,0.3811111111111111,cycle_l1
B2A_photo_to_monet,04cb1f4705.jpg,04cb1f4705.jpg,0.7656996438668507,0.0405629426240921,0.0811258852481842,0.154773861169815,0.6166666666666667,0.47333333333333333,0.4633333333333333,0.5177777777777778,content_preservation
B2A_photo_to_monet,04cf8e6d5f.jpg,04cf8e6d5f.jpg,0.8358239438051972,0.0439422130584716,0.0878844261169433,0.1494930684566497,0.31,0.5333333333333333,0.4166666666666667,0.42,cycle_l1
B2A_photo_to_monet,04d7e14fbe.jpg,04d7e14fbe.jpg,0.6907602168060935,0.0471365749835968,0.0942731499671936,0.1941089332103729,0.8233333333333334,0.5966666666666667,0.7466666666666667,0.7222222222222222,content_preservation
B2A_photo_to_monet,04d91d7bda.jpg,04d91d7bda.jpg,0.6226262679016203,0.0331278666853904,0.0662557333707809,0.1616713106632232,0.93,0.21666666666666667,0.5333333333333333,0.56,content_preservation
B2A_photo_to_monet,04e32c4dc1.jpg,04e32c4dc1.jpg,0.8863790681688664,0.0303821414709091,0.0607642829418182,0.1357321441173553,0.09,0.13666666666666666,0.25666666666666665,0.1611111111111111,cycle_lpips
B2A_photo_to_monet,04ec8c9ec2.jpg,04ec8c9ec2.jpg,0.8521225767215337,0.0328618623316288,0.0657237246632576,0.1465859562158584,0.24,0.2,0.39,0.27666666666666667,cycle_lpips
B2A_photo_to_monet,04f59976b5.jpg,04f59976b5.jpg,0.8145361392495213,0.0372318029403686,0.0744636058807373,0.1145423948764801,0.44333333333333336,0.37333333333333335,0.07666666666666666,0.29777777777777775,content_preservation
B2A_photo_to_monet,04f71da37b.jpg,04f71da37b.jpg,0.5884023109554959,0.0380007326602935,0.0760014653205871,0.205801323056221,0.9566666666666667,0.39666666666666667,0.82,0.7244444444444444,content_preservation
B2A_photo_to_monet,04f72d81b0.jpg,04f72d81b0.jpg,0.8436931314266656,0.0575283169746398,0.1150566339492797,0.2655027210712433,0.27666666666666667,0.8133333333333334,0.9266666666666666,0.6722222222222222,cycle_lpips
B2A_photo_to_monet,04f80539d7.jpg,04f80539d7.jpg,0.8938597201176394,0.0528288185596466,0.1056576371192932,0.2015301585197448,0.06,0.72,0.7966666666666666,0.5255555555555556,cycle_lpips
B2A_photo_to_monet,04fa2a606d.jpg,04fa2a606d.jpg,0.8625573400211415,0.0413444712758064,0.0826889425516128,0.1833144128322601,0.18,0.5033333333333333,0.6933333333333334,0.4588888888888889,cycle_lpips
B2A_photo_to_monet,04fa456bc9.jpg,04fa456bc9.jpg,0.8786850789428494,0.0368412733078002,0.0736825466156005,0.1265448778867721,0.12,0.36,0.16666666666666666,0.21555555555555553,cycle_l1
B2A_photo_to_monet,05057d04f7.jpg,05057d04f7.jpg,0.9156837465711456,0.0345180183649063,0.0690360367298126,0.1393316388130188,0.02666666666666667,0.26666666666666666,0.2866666666666667,0.19333333333333336,cycle_lpips
B2A_photo_to_monet,0506726dbd.jpg,0506726dbd.jpg,0.6630357776696415,0.0613569468259811,0.1227138936519622,0.2820509076118469,0.8666666666666667,0.8866666666666667,0.9433333333333334,0.898888888888889,cycle_lpips
B2A_photo_to_monet,050da171c0.jpg,050da171c0.jpg,0.7418481346273809,0.0377007983624935,0.075401596724987,0.1096439212560653,0.7133333333333334,0.38333333333333336,0.05,0.38222222222222224,content_preservation
B2A_photo_to_monet,051159e33a.jpg,051159e33a.jpg,0.6529755107316436,0.0360140465199947,0.0720280930399894,0.19305220246315,0.8866666666666667,0.33,0.7433333333333333,0.6533333333333333,content_preservation
B2A_photo_to_monet,051a7c9ae6.jpg,051a7c9ae6.jpg,0.8515004390944937,0.0298598315566778,0.0597196631133556,0.1303507983684539,0.24333333333333335,0.12,0.21333333333333335,0.1922222222222222,content_preservation
B2A_photo_to_monet,051bde8166.jpg,051bde8166.jpg,0.907205192603372,0.0455846711993217,0.0911693423986435,0.1179157495498657,0.03666666666666667,0.5733333333333334,0.10333333333333333,0.23777777777777778,cycle_l1
B2A_photo_to_monet,051c1b5ee3.jpg,051c1b5ee3.jpg,0.7197203348280761,0.0734484195709228,0.1468968391418457,0.2308363020420074,0.77,0.9566666666666667,0.8733333333333333,0.8666666666666666,cycle_l1
B2A_photo_to_monet,0529dd48c8.jpg,0529dd48c8.jpg,0.6353204242944852,0.0507812611758708,0.1015625223517417,0.153975173830986,0.9066666666666666,0.6766666666666666,0.4533333333333333,0.6788888888888889,content_preservation
B2A_photo_to_monet,053024baa2.jpg,053024baa2.jpg,0.6810926478742712,0.0277992486953735,0.055598497390747,0.1313217282295227,0.85,0.07,0.22333333333333333,0.3811111111111111,content_preservation
B2A_photo_to_monet,0541ce0c1a.jpg,0541ce0c1a.jpg,0.7617868553770811,0.0519966855645179,0.1039933711290359,0.146628126502037,0.65,0.7066666666666667,0.3933333333333333,0.5833333333333334,cycle_l1
B2A_photo_to_monet,0547a52b93.jpg,0547a52b93.jpg,0.7116848487595835,0.0517258010804653,0.1034516021609306,0.1579687893390655,0.79,0.7,0.49333333333333335,0.6611111111111111,content_preservation
B2A_photo_to_monet,054f264b2e.jpg,054f264b2e.jpg,0.8308760527849292,0.0602146163582801,0.1204292327165603,0.2004698514938354,0.3466666666666667,0.8666666666666667,0.7866666666666666,0.6666666666666666,cycle_l1
B2A_photo_to_monet,054f375c69.jpg,054f375c69.jpg,0.74817544400986,0.0984639078378677,0.1969278156757354,0.1685264110565185,0.6866666666666666,0.9966666666666667,0.5733333333333334,0.7522222222222222,cycle_l1
B2A_photo_to_monet,05557b0148.jpg,05557b0148.jpg,0.8112329071245129,0.0315044485032558,0.0630088970065116,0.1883947402238845,0.45666666666666667,0.16666666666666666,0.7233333333333334,0.4488888888888889,cycle_lpips
B2A_photo_to_monet,055c3026f8.jpg,055c3026f8.jpg,0.8608387022677374,0.0572769455611705,0.1145538911223411,0.2350219339132309,0.18666666666666668,0.81,0.8833333333333333,0.6266666666666666,cycle_lpips
B2A_photo_to_monet,055dac1e18.jpg,055dac1e18.jpg,0.8458392666582428,0.0520799085497856,0.1041598170995712,0.1071052327752113,0.27,0.71,0.04,0.34,cycle_l1
B2A_photo_to_monet,055e5dca6e.jpg,055e5dca6e.jpg,0.7561685586291941,0.0335715115070343,0.0671430230140686,0.1196609735488891,0.6633333333333333,0.23,0.12666666666666668,0.34,content_preservation
B2A_photo_to_monet,05646c5cdb.jpg,05646c5cdb.jpg,0.8104319946790318,0.0665111169219017,0.1330222338438034,0.1862531900405883,0.4633333333333333,0.9233333333333333,0.7033333333333334,0.6966666666666667,cycle_l1
B2A_photo_to_monet,0572f32305.jpg,0572f32305.jpg,0.5458016216288464,0.0358634851872921,0.0717269703745842,0.1485321223735809,0.9766666666666667,0.32,0.41,0.5688888888888889,content_preservation
B2A_photo_to_monet,057d83cdee.jpg,057d83cdee.jpg,0.800801959597778,0.0404026359319686,0.0808052718639373,0.1473149359226226,0.5,0.4666666666666667,0.4033333333333333,0.4566666666666667,content_preservation
B2A_photo_to_monet,058af422c6.jpg,058af422c6.jpg,0.8162114875757095,0.0544633865356445,0.108926773071289,0.1395201236009597,0.42,0.7633333333333333,0.29333333333333333,0.49222222222222217,cycle_l1
B2A_photo_to_monet,0597c38d69.jpg,0597c38d69.jpg,0.8479654073482892,0.031606025993824,0.063212051987648,0.1292834132909774,0.25666666666666665,0.17,0.20666666666666667,0.2111111111111111,content_preservation
B2A_photo_to_monet,05a3801bed.jpg,05a3801bed.jpg,0.787338406241657,0.0330387502908706,0.0660775005817413,0.1275203675031662,0.53,0.21333333333333335,0.18,0.30777777777777776,content_preservation
B2A_photo_to_monet,05a84fad61.jpg,05a84fad61.jpg,0.7941086020405103,0.0330303832888603,0.0660607665777206,0.1273125857114792,0.51,0.21,0.17666666666666667,0.29888888888888887,content_preservation
B2A_photo_to_monet,05c885c810.jpg,05c885c810.jpg,0.8550250691575463,0.0379164293408393,0.0758328586816787,0.0973691940307617,0.21666666666666667,0.3933333333333333,0.023333333333333334,0.2111111111111111,cycle_l1
B2A_photo_to_monet,05ca68299e.jpg,05ca68299e.jpg,0.5939091476302991,0.0245622377842664,0.0491244755685329,0.1156622692942619,0.9533333333333334,0.043333333333333335,0.09,0.3622222222222222,content_preservation
B2A_photo_to_monet,05e37a8900.jpg,05e37a8900.jpg,0.889953905589829,0.0328821018338203,0.0657642036676406,0.1952914893627166,0.07666666666666666,0.20333333333333334,0.7533333333333333,0.3444444444444444,cycle_lpips
B2A_photo_to_monet,05e88ecd0a.jpg,05e88ecd0a.jpg,0.6239803184236976,0.0547042489051818,0.1094084978103637,0.1277427971363067,0.9233333333333333,0.77,0.19,0.6277777777777778,content_preservation
B2A_photo_to_monet,05f0db4d14.jpg,05f0db4d14.jpg,0.7089716752599706,0.0406330861151218,0.0812661722302436,0.1961045414209365,0.7966666666666666,0.48,0.76,0.6788888888888889,content_preservation
B2A_photo_to_monet,05f22b97da.jpg,05f22b97da.jpg,0.8820547402844356,0.0387272015213966,0.0774544030427932,0.196334421634674,0.10666666666666667,0.43,0.7633333333333333,0.4333333333333333,cycle_lpips
B2A_photo_to_monet,05f4b38e6e.jpg,05f4b38e6e.jpg,0.8251805993682995,0.0578680858016014,0.1157361716032028,0.1639659404754638,0.37666666666666665,0.8233333333333334,0.5566666666666666,0.5855555555555555,cycle_l1
B2A_photo_to_monet,06058e6cb0.jpg,06058e6cb0.jpg,0.6412767680140803,0.0452458225190639,0.0904916450381279,0.1525287479162216,0.9,0.5666666666666667,0.43666666666666665,0.6344444444444445,content_preservation
B2A_photo_to_monet,0606110c45.jpg,0606110c45.jpg,0.74719130416211,0.0578809008002281,0.1157618016004562,0.1159277632832527,0.6933333333333334,0.8266666666666667,0.09333333333333334,0.5377777777777778,cycle_l1
B2A_photo_to_monet,061bb611e0.jpg,061bb611e0.jpg,0.646017404311682,0.032010331749916,0.0640206634998321,0.1463228166103363,0.8933333333333333,0.19,0.38666666666666666,0.49,content_preservation
B2A_photo_to_monet,061f0095f0.jpg,061f0095f0.jpg,0.872888077049859,0.0536293908953666,0.1072587817907333,0.2640632390975952,0.14,0.7433333333333333,0.92,0.601111111111111,cycle_lpips
B2A_photo_to_monet,062313a97c.jpg,062313a97c.jpg,0.7436548300149362,0.0396071001887321,0.0792142003774643,0.1202598512172699,0.7033333333333334,0.45,0.13,0.42777777777777776,content_preservation
B2A_photo_to_monet,06371834cb.jpg,06371834cb.jpg,0.4733791336750956,0.0359720811247825,0.0719441622495651,0.1725258529186248,0.9933333333333333,0.32666666666666666,0.6166666666666667,0.6455555555555555,content_preservation
B2A_photo_to_monet,063ab57d41.jpg,063ab57d41.jpg,0.8809907370373863,0.0483923070132732,0.0967846140265464,0.087115354835987,0.11,0.6233333333333333,0.01,0.24777777777777776,cycle_l1
B2A_photo_to_monet,064b9119de.jpg,064b9119de.jpg,0.8161422669865388,0.0668734908103942,0.1337469816207885,0.319379061460495,0.42333333333333334,0.9266666666666666,0.9733333333333334,0.7744444444444444,cycle_lpips
B2A_photo_to_monet,064babb7f0.jpg,064babb7f0.jpg,0.6939908545074036,0.0365396179258823,0.0730792358517646,0.180703654885292,0.82,0.3433333333333333,0.6833333333333333,0.6155555555555555,content_preservation
B2A_photo_to_monet,064f91250d.jpg,064f91250d.jpg,0.7251767361105059,0.0215602573007345,0.043120514601469,0.153473287820816,0.76,0.023333333333333334,0.44666666666666666,0.41,content_preservation
B2A_photo_to_monet,065b649ac7.jpg,065b649ac7.jpg,0.5494112897534112,0.0584325715899467,0.1168651431798935,0.3412896692752838,0.97,0.84,0.9833333333333333,0.9311111111111111,cycle_lpips
B2A_photo_to_monet,0665264678.jpg,0665264678.jpg,0.8746328153184567,0.0594541355967521,0.1189082711935043,0.2121083885431289,0.13,0.8566666666666667,0.8433333333333334,0.61,cycle_l1
B2A_photo_to_monet,066b81e0f9.jpg,066b81e0f9.jpg,0.8531701385249273,0.0577158257365226,0.1154316514730453,0.2064811885356903,0.22333333333333333,0.8166666666666667,0.83,0.6233333333333334,cycle_lpips
B2A_photo_to_monet,068381ad63.jpg,068381ad63.jpg,0.7961956826757239,0.0557439625263214,0.1114879250526428,0.1386832892894745,0.5033333333333333,0.7866666666666666,0.27666666666666667,0.5222222222222223,cycle_l1
B2A_photo_to_monet,068cc6fe3f.jpg,068cc6fe3f.jpg,0.80662545319967,0.0819628536701202,0.1639257073402404,0.2599394619464874,0.48333333333333334,0.9766666666666667,0.91,0.79,cycle_l1
B2A_photo_to_monet,0696f8142e.jpg,0696f8142e.jpg,0.7919258933123661,0.0784675851464271,0.1569351702928543,0.3454960882663727,0.5133333333333333,0.9666666666666667,0.9866666666666667,0.8222222222222223,cycle_lpips
B2A_photo_to_monet,069e6e5b82.jpg,069e6e5b82.jpg,0.8636976388637841,0.0400416366755962,0.0800832733511924,0.1849744766950607,0.16666666666666666,0.45666666666666667,0.7,0.44111111111111106,cycle_lpips
B2A_photo_to_monet,06a5930183.jpg,06a5930183.jpg,0.8900470387596647,0.0531046986579895,0.106209397315979,0.1395830810070037,0.07333333333333333,0.73,0.2966666666666667,0.3666666666666667,cycle_l1
B2A_photo_to_monet,06a9cf2d11.jpg,06a9cf2d11.jpg,0.6950987406505134,0.0199109092354774,0.0398218184709548,0.2008279860019683,0.8166666666666667,0.01,0.79,0.5388888888888889,content_preservation
B2A_photo_to_monet,06b2c2dfca.jpg,06b2c2dfca.jpg,0.8291272820860954,0.0457317791879177,0.0914635583758354,0.1304675340652465,0.3566666666666667,0.5766666666666667,0.21666666666666667,0.3833333333333333,cycle_l1
B2A_photo_to_monet,06b8114f82.jpg,06b8114f82.jpg,0.786395684346943,0.0318336263298988,0.0636672526597976,0.1625560820102691,0.5333333333333333,0.18333333333333332,0.54,0.4188888888888889,cycle_lpips
B2A_photo_to_monet,06c2d19658.jpg,06c2d19658.jpg,0.8600614482477841,0.0537003800272941,0.1074007600545883,0.1948309987783432,0.19,0.7466666666666667,0.75,0.5622222222222223,cycle_lpips
B2A_photo_to_monet,06c549794b.jpg,06c549794b.jpg,0.8868989389986679,0.0290064103901386,0.0580128207802772,0.1897034496068954,0.08666666666666667,0.10333333333333333,0.7333333333333333,0.30777777777777776,cycle_lpips
B2A_photo_to_monet,06c89c4c23.jpg,06c89c4c23.jpg,0.6019182214280169,0.0271303616464138,0.0542607232928276,0.1954696625471115,0.9433333333333334,0.06333333333333334,0.7566666666666667,0.5877777777777777,content_preservation
B2A_photo_to_monet,06c9326c86.jpg,06c9326c86.jpg,0.7849159921136925,0.055618405342102,0.1112368106842041,0.1765788495540619,0.5466666666666666,0.7833333333333333,0.65,0.66,cycle_l1
B2A_photo_to_monet,06e117b31e.jpg,06e117b31e.jpg,0.8151870063119057,0.0401545017957687,0.0803090035915374,0.202697217464447,0.43333333333333335,0.46,0.8033333333333333,0.5655555555555556,cycle_lpips
B2A_photo_to_monet,06e156d8ba.jpg,06e156d8ba.jpg,0.8195534555245413,0.0583058670163154,0.1166117340326309,0.1605982780456543,0.4033333333333333,0.8366666666666667,0.52,0.5866666666666667,cycle_l1
B2A_photo_to_monet,06f749912b.jpg,06f749912b.jpg,0.4590133694910012,0.037110835313797,0.074221670627594,0.1369082480669021,0.9966666666666667,0.37,0.26666666666666666,0.5444444444444444,content_preservation
B2A_photo_to_monet,07054731ab.jpg,07054731ab.jpg,0.6533182847089584,0.0211425703018903,0.0422851406037807,0.1112882047891616,0.8833333333333333,0.016666666666666666,0.06,0.32,content_preservation
B2A_photo_to_monet,0709ff32ee.jpg,0709ff32ee.jpg,0.9109201038925236,0.0404784679412841,0.0809569358825683,0.1391531527042389,0.03333333333333333,0.47,0.28,0.2611111111111111,cycle_l1
B2A_photo_to_monet,0711866dcd.jpg,0711866dcd.jpg,0.5975580679372842,0.0492234975099563,0.0984469950199127,0.2489315420389175,0.9466666666666667,0.6433333333333333,0.8966666666666666,0.8288888888888888,content_preservation
B2A_photo_to_monet,071c375c2c.jpg,071c375c2c.jpg,0.6511141706741889,0.0285667032003402,0.0571334064006805,0.1750365197658538,0.89,0.09666666666666666,0.6333333333333333,0.54,content_preservation
B2A_photo_to_monet,0723d52098.jpg,0723d52098.jpg,0.8198762401696797,0.0309257805347442,0.0618515610694885,0.1100028827786445,0.4,0.15,0.05333333333333334,0.20111111111111113,content_preservation
B2A_photo_to_monet,0724805941.jpg,0724805941.jpg,0.772773310442977,0.0687198191881179,0.1374396383762359,0.1783943921327591,0.5966666666666667,0.9433333333333334,0.6666666666666666,0.7355555555555555,cycle_l1
B2A_photo_to_monet,072f1336c9.jpg,072f1336c9.jpg,0.8561806056641684,0.0644277930259704,0.1288555860519409,0.380307137966156,0.21333333333333335,0.9133333333333333,0.9966666666666667,0.7077777777777778,cycle_lpips
B2A_photo_to_monet,07362b3f42.jpg,07362b3f42.jpg,0.7030713291710712,0.0514512136578559,0.1029024273157119,0.2839216291904449,0.8066666666666666,0.69,0.9466666666666667,0.8144444444444444,cycle_lpips
B2A_photo_to_monet,073e8b3056.jpg,073e8b3056.jpg,0.8307585195381137,0.0499349646270275,0.099869929254055,0.1975388973951339,0.35,0.6666666666666666,0.7733333333333333,0.5966666666666667,cycle_lpips
B2A_photo_to_monet,074218de82.jpg,074218de82.jpg,0.77439408133026,0.0597286224365234,0.1194572448730468,0.1890746057033538,0.5866666666666667,0.8633333333333333,0.73,0.7266666666666666,cycle_l1
B2A_photo_to_monet,074ea8cb6e.jpg,074ea8cb6e.jpg,0.7630446284618404,0.0310322847217321,0.0620645694434642,0.1607405990362167,0.64,0.15666666666666668,0.5233333333333333,0.43999999999999995,content_preservation
B2A_photo_to_monet,07573a95f6.jpg,07573a95f6.jpg,0.757194206558107,0.0473885647952556,0.0947771295905113,0.2318192571401596,0.66,0.6033333333333334,0.8766666666666667,0.7133333333333334,cycle_lpips
B2A_photo_to_monet,075e8d4617.jpg,075e8d4617.jpg,0.9297770224770984,0.0403535738587379,0.0807071477174758,0.140706181526184,0.006666666666666667,0.4633333333333333,0.3233333333333333,0.2644444444444444,cycle_l1
B2A_photo_to_monet,0761281e3b.jpg,0761281e3b.jpg,0.6405570920461561,0.0391597598791122,0.0783195197582244,0.175481840968132,0.9033333333333333,0.44666666666666666,0.64,0.6633333333333334,content_preservation
B2A_photo_to_monet,076c62582d.jpg,076c62582d.jpg,0.8757527316168929,0.0313575863838195,0.0627151727676391,0.1275603324174881,0.12333333333333334,0.16,0.18666666666666668,0.15666666666666665,cycle_lpips
B2A_photo_to_monet,0770ea1a07.jpg,0770ea1a07.jpg,0.7340035146538512,0.0352458469569683,0.0704916939139366,0.1270607113838195,0.7333333333333333,0.29333333333333333,0.17333333333333334,0.39999999999999997,content_preservation
B2A_photo_to_monet,077bf7e451.jpg,077bf7e451.jpg,0.6878615670002848,0.037900973111391,0.0758019462227821,0.1582866162061691,0.8333333333333334,0.39,0.5033333333333333,0.5755555555555555,content_preservation
B2A_photo_to_monet,078cd3ce07.jpg,078cd3ce07.jpg,0.8066765058856142,0.0464201495051384,0.0928402990102768,0.1692840456962585,0.4766666666666667,0.5866666666666667,0.5866666666666667,0.55,cycle_l1
B2A_photo_to_monet,078fd1bc42.jpg,078fd1bc42.jpg,0.7641520921632193,0.0503567419946193,0.1007134839892387,0.2323227822780609,0.6333333333333333,0.67,0.88,0.7277777777777777,cycle_lpips
B2A_photo_to_monet,07939b1fde.jpg,07939b1fde.jpg,0.8587288172830652,0.0362943224608898,0.0725886449217796,0.1581342220306396,0.19666666666666666,0.3333333333333333,0.49666666666666665,0.3422222222222222,cycle_lpips
B2A_photo_to_monet,079da3af1e.jpg,079da3af1e.jpg,0.8420145625440683,0.0343649163842201,0.0687298327684402,0.1491504311561584,0.2833333333333333,0.26,0.41333333333333333,0.3188888888888889,cycle_lpips
B2A_photo_to_monet,07b7fdff1b.jpg,07b7fdff1b.jpg,0.7472102126943465,0.0420191511511802,0.0840383023023605,0.167307510972023,0.69,0.5133333333333333,0.5666666666666667,0.59,content_preservation
B2A_photo_to_monet,07bf7d7df1.jpg,07bf7d7df1.jpg,0.8526093010013357,0.0465345382690429,0.0930690765380859,0.1275313049554824,0.23333333333333334,0.59,0.18333333333333332,0.33555555555555555,cycle_l1
B2A_photo_to_monet,07cb260548.jpg,07cb260548.jpg,0.773903441930675,0.0928643569350242,0.1857287138700485,0.1713248491287231,0.5933333333333334,0.9933333333333333,0.6,0.7288888888888888,cycle_l1
B2A_photo_to_monet,07e9bc5956.jpg,07e9bc5956.jpg,0.7150466704606601,0.028246697038412,0.0564933940768241,0.150206059217453,0.78,0.08,0.42,0.4266666666666667,content_preservation
B2A_photo_to_monet,07ea3a38d2.jpg,07ea3a38d2.jpg,0.6222222260403792,0.0340723879635334,0.0681447759270668,0.2157108038663864,0.9333333333333333,0.25,0.85,0.6777777777777777,content_preservation
B2A_photo_to_monet,07f37dfe50.jpg,07f37dfe50.jpg,0.8727877657748272,0.0326477251946926,0.0652954503893852,0.1257254481315612,0.14333333333333334,0.19666666666666666,0.16333333333333333,0.16777777777777778,cycle_l1
B2A_photo_to_monet,07f730ef9a.jpg,07f730ef9a.jpg,0.7833925351404145,0.0349187403917312,0.0698374807834625,0.2056017518043518,0.55,0.2866666666666667,0.8133333333333334,0.5499999999999999,cycle_lpips
B2A_photo_to_monet,08009f0be5.jpg,08009f0be5.jpg,0.6665400860114089,0.0391167402267456,0.0782334804534912,0.1973700374364853,0.86,0.44,0.77,0.6900000000000001,content_preservation
B2A_photo_to_monet,0811c84b0c.jpg,0811c84b0c.jpg,0.8658701826584485,0.0391207896173,0.0782415792346,0.1519175767898559,0.15666666666666668,0.44333333333333336,0.43333333333333335,0.3444444444444445,cycle_l1
B2A_photo_to_monet,081955febb.jpg,081955febb.jpg,0.5461415497568269,0.035845510661602,0.071691021323204,0.1690782010555267,0.9733333333333334,0.31666666666666665,0.5833333333333334,0.6244444444444445,content_preservation
B2A_photo_to_monet,08247a7020.jpg,08247a7020.jpg,0.8572774421449972,0.0341854356229305,0.068370871245861,0.1752993166446685,0.20666666666666667,0.25333333333333335,0.6366666666666667,0.3655555555555556,cycle_lpips
B2A_photo_to_monet,082786cc1f.jpg,082786cc1f.jpg,0.7816763064413503,0.0427276343107223,0.0854552686214447,0.1431668549776077,0.56,0.52,0.3433333333333333,0.47444444444444445,content_preservation
B2A_photo_to_monet,08341635fa.jpg,08341635fa.jpg,0.6899496445989595,0.0202581547200679,0.0405163094401359,0.1444529145956039,0.8266666666666667,0.013333333333333334,0.3566666666666667,0.3988888888888889,content_preservation
B2A_photo_to_monet,0844c2cddf.jpg,0844c2cddf.jpg,0.5942835972126873,0.0409581810235977,0.0819163620471954,0.2185127884149551,0.95,0.4866666666666667,0.8533333333333334,0.7633333333333333,content_preservation
B2A_photo_to_monet,0845e8dc24.jpg,0845e8dc24.jpg,0.8270793048714741,0.1232317313551902,0.2464634627103805,0.3313891887664795,0.36666666666666664,1.0,0.9766666666666667,0.7811111111111111,cycle_l1
B2A_photo_to_monet,085c73097f.jpg,085c73097f.jpg,0.7308778271912375,0.0602290295064449,0.1204580590128898,0.1472794711589813,0.7466666666666667,0.87,0.4,0.6722222222222222,cycle_l1
B2A_photo_to_monet,0860f1e141.jpg,0860f1e141.jpg,0.885643019652396,0.0370246022939682,0.0740492045879364,0.1560986042022705,0.09333333333333334,0.36333333333333334,0.47333333333333333,0.31,cycle_lpips
B2A_photo_to_monet,08645ef69b.jpg,08645ef69b.jpg,0.76390185517926,0.0238324925303459,0.0476649850606918,0.1181491762399673,0.6366666666666667,0.04,0.10666666666666667,0.2611111111111111,content_preservation
B2A_photo_to_monet,087e779e73.jpg,087e779e73.jpg,0.846090636716482,0.0337898060679435,0.0675796121358871,0.1213162988424301,0.26666666666666666,0.24333333333333335,0.14,0.21666666666666667,content_preservation
B2A_photo_to_monet,08874a6ee1.jpg,08874a6ee1.jpg,0.7502708955410209,0.0357897914946079,0.0715795829892158,0.1632063537836074,0.68,0.31,0.5533333333333333,0.5144444444444445,content_preservation
B2A_photo_to_monet,088972cf3f.jpg,088972cf3f.jpg,0.6969815745479414,0.058843906968832,0.117687813937664,0.1448488682508468,0.8133333333333334,0.8466666666666667,0.36333333333333334,0.6744444444444445,cycle_l1
B2A_photo_to_monet,089406822c.jpg,089406822c.jpg,0.8326617540991414,0.0486343726515769,0.0972687453031539,0.1823337972164154,0.33666666666666667,0.63,0.69,0.5522222222222223,cycle_lpips
B2A_photo_to_monet,08a203b59d.jpg,08a203b59d.jpg,0.86306268851073,0.0317445546388626,0.0634891092777252,0.2285687625408172,0.17,0.18,0.87,0.4066666666666667,cycle_lpips
B2A_photo_to_monet,08acc490a3.jpg,08acc490a3.jpg,0.8261802715486649,0.0442047230899333,0.0884094461798667,0.1445765644311905,0.37333333333333335,0.5433333333333333,0.36,0.42555555555555563,cycle_l1
B2A_photo_to_monet,08b790bca7.jpg,08b790bca7.jpg,0.8058674574452772,0.0751240253448486,0.1502480506896972,0.3606421649456024,0.49,0.96,0.9933333333333333,0.8144444444444444,cycle_lpips
B2A_photo_to_monet,08c1754f70.jpg,08c1754f70.jpg,0.8628333701007816,0.0450852923095226,0.0901705846190452,0.1249726563692092,0.17333333333333334,0.5633333333333334,0.15666666666666668,0.29777777777777775,cycle_l1
B2A_photo_to_monet,08cbd0d6c4.jpg,08cbd0d6c4.jpg,0.9294491933072208,0.0592345148324966,0.1184690296649932,0.1687530279159546,0.01,0.85,0.5766666666666667,0.47888888888888886,cycle_l1
B2A_photo_to_monet,08cbd51033.jpg,08cbd51033.jpg,0.8627398868196201,0.0516442731022834,0.1032885462045669,0.1887787878513336,0.17666666666666667,0.6966666666666667,0.7266666666666667,0.5333333333333333,cycle_lpips
B2A_photo_to_monet,08d7603c9c.jpg,08d7603c9c.jpg,0.8579646671925609,0.0441960915923118,0.0883921831846237,0.2141321748495102,0.20333333333333334,0.54,0.8466666666666667,0.53,cycle_lpips
B2A_photo_to_monet,08da1e5774.jpg,08da1e5774.jpg,0.8238976151590077,0.0484404936432838,0.0968809872865676,0.1725401282310485,0.38666666666666666,0.6266666666666667,0.62,0.5444444444444444,cycle_l1
B2A_photo_to_monet,08e3354189.jpg,08e3354189.jpg,0.7855747911950379,0.0348967760801315,0.069793552160263,0.1278678625822067,0.5433333333333333,0.2833333333333333,0.19333333333333333,0.34,content_preservation
B2A_photo_to_monet,08fa88c02c.jpg,08fa88c02c.jpg,0.8528693860025385,0.0419865846633911,0.0839731693267822,0.128645122051239,0.23,0.5066666666666667,0.19666666666666666,0.3111111111111111,cycle_l1
B2A_photo_to_monet,08fa8a6f26.jpg,08fa8a6f26.jpg,0.860866766709228,0.080378770828247,0.1607575416564941,0.3493949472904205,0.18333333333333332,0.97,0.99,0.7144444444444445,cycle_lpips
B2A_photo_to_monet,08fd7ac09b.jpg,08fd7ac09b.jpg,0.8822796616635826,0.0636183246970176,0.1272366493940353,0.1247526258230209,0.10333333333333333,0.91,0.15333333333333332,0.3888888888888889,cycle_l1
B2A_photo_to_monet,090d5b3cca.jpg,090d5b3cca.jpg,0.8298347541908913,0.0478859655559062,0.0957719311118125,0.1575749963521957,0.35333333333333333,0.6166666666666667,0.48333333333333334,0.48444444444444446,cycle_l1
B2A_photo_to_monet,091b6b9b07.jpg,091b6b9b07.jpg,0.7812575388116527,0.0299050882458686,0.0598101764917373,0.1218052729964256,0.57,0.12333333333333334,0.14333333333333334,0.27888888888888885,content_preservation
B2A_photo_to_monet,0922bbb3c1.jpg,0922bbb3c1.jpg,0.8063938920686229,0.0566972643136978,0.1133945286273956,0.1317497044801712,0.4866666666666667,0.8033333333333333,0.22666666666666666,0.5055555555555555,cycle_l1
B2A_photo_to_monet,0932ad9605.jpg,0932ad9605.jpg,0.8501906254259985,0.0411545932292938,0.0823091864585876,0.1104404628276825,0.25,0.49333333333333335,0.056666666666666664,0.26666666666666666,cycle_l1
B2A_photo_to_monet,0938dc0298.jpg,0938dc0298.jpg,0.689294102862236,0.0290082469582557,0.0580164939165115,0.2699124217033386,0.83,0.10666666666666667,0.9333333333333333,0.6233333333333334,cycle_lpips
B2A_photo_to_monet,0939723138.jpg,0939723138.jpg,0.8593749725250105,0.0449682176113128,0.0899364352226257,0.1403020024299621,0.19333333333333333,0.56,0.31333333333333335,0.3555555555555556,cycle_l1
B2A_photo_to_monet,093be92a48.jpg,093be92a48.jpg,0.9230256337431358,0.0448808893561363,0.0897617787122726,0.1165699511766433,0.013333333333333334,0.5566666666666666,0.09666666666666666,0.2222222222222222,cycle_l1
B2A_photo_to_monet,093e24f728.jpg,093e24f728.jpg,0.7495074242831743,0.0317429825663566,0.0634859651327133,0.1318254023790359,0.6833333333333333,0.17666666666666667,0.23,0.36333333333333334,content_preservation
B2A_photo_to_monet,0945008455.jpg,0945008455.jpg,0.8159793545684221,0.0319307409226894,0.0638614818453788,0.1154295355081558,0.4266666666666667,0.18666666666666668,0.08666666666666667,0.23333333333333336,content_preservation
B2A_photo_to_monet,09591edd0a.jpg,09591edd0a.jpg,0.8332029396976398,0.0538638234138488,0.1077276468276977,0.1687938272953033,0.33,0.7533333333333333,0.58,0.5544444444444444,cycle_l1
B2A_photo_to_monet,095bc5a33d.jpg,095bc5a33d.jpg,0.7742863161720277,0.0478389635682106,0.0956779271364212,0.1720893681049347,0.59,0.6133333333333333,0.6033333333333334,0.6022222222222222,cycle_l1
B2A_photo_to_monet,096165f6f0.jpg,096165f6f0.jpg,0.8523931288134492,0.0356844067573547,0.0713688135147094,0.1432173401117324,0.23666666666666666,0.30666666666666664,0.3466666666666667,0.2966666666666667,cycle_lpips
B2A_photo_to_monet,0962094f25.jpg,0962094f25.jpg,0.8512085582321808,0.0699907690286636,0.1399815380573272,0.1118451431393623,0.24666666666666667,0.95,0.06333333333333334,0.41999999999999993,cycle_l1
B2A_photo_to_monet,0963accefe.jpg,0963accefe.jpg,0.8394745549658045,0.0606700256466865,0.1213400512933731,0.1557281613349914,0.29,0.8766666666666667,0.47,0.5455555555555556,cycle_l1
B2A_photo_to_monet,096495c50c.jpg,096495c50c.jpg,0.7915534102651104,0.0904599353671073,0.1809198707342147,0.1880428344011306,0.52,0.9866666666666667,0.72,0.7422222222222222,cycle_l1
B2A_photo_to_monet,096bae8cd9.jpg,096bae8cd9.jpg,0.827876741769634,0.0618698298931121,0.1237396597862243,0.1796143501996994,0.36,0.8933333333333333,0.68,0.6444444444444445,cycle_l1
B2A_photo_to_monet,096da37ff7.jpg,096da37ff7.jpg,0.8977724961480367,0.0381450355052948,0.0762900710105896,0.1152916774153709,0.05,0.4033333333333333,0.08333333333333333,0.17888888888888888,cycle_l1
B2A_photo_to_monet,096f009762.jpg,096f009762.jpg,0.778752172659979,0.0625200420618057,0.1250400841236114,0.1203037500381469,0.5766666666666667,0.8966666666666666,0.13333333333333333,0.5355555555555555,cycle_l1
B2A_photo_to_monet,09748274a3.jpg,09748274a3.jpg,0.8972457982568447,0.0348750725388526,0.0697501450777053,0.1449933499097824,0.05333333333333334,0.28,0.36666666666666664,0.2333333333333333,cycle_lpips
B2A_photo_to_monet,09756af6f7.jpg,09756af6f7.jpg,0.7110273582947314,0.0521686784923076,0.1043373569846153,0.1867415010929107,0.7933333333333333,0.7166666666666667,0.7166666666666667,0.7422222222222222,content_preservation
B2A_photo_to_monet,097b3ce81a.jpg,097b3ce81a.jpg,0.8443336132308309,0.0559243857860565,0.111848771572113,0.167206272482872,0.2733333333333333,0.79,0.5633333333333334,0.5422222222222223,cycle_l1
B2A_photo_to_monet,097d38ef3b.jpg,097d38ef3b.jpg,0.8242062479404543,0.0536082610487937,0.1072165220975875,0.1626127213239669,0.38333333333333336,0.74,0.5433333333333333,0.5555555555555555,cycle_l1
B2A_photo_to_monet,09816286d3.jpg,09816286d3.jpg,0.8485732572158411,0.0635515451431274,0.1271030902862548,0.255353033542633,0.25333333333333335,0.9066666666666666,0.9033333333333333,0.6877777777777778,cycle_l1
B2A_photo_to_monet,0984136f36.jpg,0984136f36.jpg,0.6545469319589459,0.0331464372575283,0.0662928745150566,0.1589127033948898,0.88,0.22,0.5133333333333333,0.5377777777777778,content_preservation
B2A_photo_to_monet,098b35d919.jpg,098b35d919.jpg,0.7397806648536538,0.0215421169996261,0.0430842339992523,0.158730462193489,0.7166666666666667,0.02,0.51,0.4155555555555555,content_preservation
B2A_photo_to_monet,098c0ce670.jpg,098c0ce670.jpg,0.7195132701778713,0.0514647588133811,0.1029295176267623,0.1462761461734771,0.7733333333333333,0.6933333333333334,0.38333333333333336,0.6166666666666667,content_preservation
B2A_photo_to_monet,098fde2b22.jpg,098fde2b22.jpg,0.7709687066872545,0.0852747410535812,0.1705494821071624,0.2575936913490295,0.6,0.98,0.9066666666666666,0.8288888888888889,cycle_l1
B2A_photo_to_monet,099159901a.jpg,099159901a.jpg,0.6567402763698248,0.0383362099528312,0.0766724199056625,0.1792710721492767,0.8766666666666667,0.41333333333333333,0.6733333333333333,0.6544444444444445,content_preservation
B2A_photo_to_monet,099395535c.jpg,099395535c.jpg,0.7833669917126963,0.0563278496265411,0.1126556992530822,0.1381142884492874,0.5533333333333333,0.7966666666666666,0.2733333333333333,0.5411111111111112,cycle_l1
B2A_photo_to_monet,09986b5a14.jpg,09986b5a14.jpg,0.8407488424551057,0.0270446147769689,0.0540892295539379,0.157627522945404,0.2866666666666667,0.06,0.4866666666666667,0.2777777777777778,cycle_lpips
B2A_photo_to_monet,09a43d2264.jpg,09a43d2264.jpg,0.8562439504029099,0.0367203056812286,0.0734406113624572,0.2103288471698761,0.21,0.35,0.8366666666666667,0.4655555555555555,cycle_lpips
B2A_photo_to_monet,09bebf108f.jpg,09bebf108f.jpg,0.8581948073002654,0.0673115402460098,0.1346230804920196,0.1865011006593704,0.2,0.93,0.7066666666666667,0.6122222222222223,cycle_l1
B2A_photo_to_monet,09c874df81.jpg,09c874df81.jpg,0.8747382515263626,0.0506205968558788,0.1012411937117576,0.2387114465236663,0.12666666666666668,0.6733333333333333,0.8866666666666667,0.5622222222222223,cycle_lpips
B2A_photo_to_monet,09d34f7412.jpg,09d34f7412.jpg,0.8982246061409688,0.0572648867964744,0.1145297735929489,0.2105533927679062,0.04666666666666667,0.8066666666666666,0.84,0.5644444444444444,cycle_lpips
B2A_photo_to_monet,09ddb5e4c9.jpg,09ddb5e4c9.jpg,0.6628253296292875,0.0519762933254241,0.1039525866508483,0.2617081701755523,0.87,0.7033333333333334,0.9166666666666666,0.83,cycle_lpips
B2A_photo_to_monet,09e084658a.jpg,09e084658a.jpg,0.7245383861308524,0.0420082733035087,0.0840165466070175,0.1071977466344833,0.7633333333333333,0.51,0.043333333333333335,0.43888888888888894,content_preservation
B2A_photo_to_monet,09e1b696b4.jpg,09e1b696b4.jpg,0.8830012799682596,0.0329058319330215,0.065811663866043,0.0685945227742195,0.1,0.20666666666666667,0.0033333333333333335,0.10333333333333333,cycle_l1
B2A_photo_to_monet,09e2982b82.jpg,09e2982b82.jpg,0.7859157085797001,0.0336932763457298,0.0673865526914596,0.1577424108982086,0.54,0.24,0.49,0.42333333333333334,content_preservation
B2A_photo_to_monet,09e8393bd1.jpg,09e8393bd1.jpg,0.7423948373821967,0.0367957167327404,0.0735914334654808,0.1671279072761535,0.71,0.35333333333333333,0.56,0.5411111111111111,content_preservation
B2A_photo_to_monet,09ec565e3a.jpg,09ec565e3a.jpg,0.8703608217535833,0.0594357177615165,0.1188714355230331,0.2448263168334961,0.14666666666666667,0.8533333333333334,0.89,0.63,cycle_lpips
B2A_photo_to_monet,09f57ab8c5.jpg,09f57ab8c5.jpg,0.8214967538425946,0.0412806570529937,0.0825613141059875,0.1295386105775833,0.3933333333333333,0.5,0.21,0.36777777777777776,cycle_l1
B2A_photo_to_monet,09fc404e31.jpg,09fc404e31.jpg,0.5410802517900891,0.0149325095117092,0.0298650190234184,0.1970292180776596,0.9833333333333333,0.0033333333333333335,0.7666666666666667,0.5844444444444444,content_preservation
B2A_photo_to_monet,09fcd10b7e.jpg,09fcd10b7e.jpg,0.7792197071271265,0.0565886795520782,0.1131773591041565,0.2264937460422516,0.5733333333333334,0.8,0.8633333333333333,0.7455555555555556,cycle_lpips
B2A_photo_to_monet,0a0c3a6d07.jpg,0a0c3a6d07.jpg,0.7822500921918657,0.0234677158296108,0.0469354316592216,0.118228405714035,0.5566666666666666,0.03,0.11,0.23222222222222222,content_preservation
B2A_photo_to_monet,0a0d3e6ea7.jpg,0a0d3e6ea7.jpg,0.8357029582658313,0.0358189456164836,0.0716378912329673,0.1612105369567871,0.31333333333333335,0.31333333333333335,0.53,0.3855555555555556,cycle_lpips
B2A_photo_to_monet,0a1d1b9f8e.jpg,0a1d1b9f8e.jpg,0.6823787833512747,0.0578463897109031,0.1156927794218063,0.1542543321847915,0.84,0.82,0.45666666666666667,0.7055555555555556,content_preservation
B2A_photo_to_monet,0a271892d0.jpg,0a271892d0.jpg,0.8102496705573969,0.0406141392886638,0.0812282785773277,0.1034891977906227,0.4666666666666667,0.4766666666666667,0.03,0.3244444444444445,cycle_l1
B2A_photo_to_monet,0a284dbed0.jpg,0a284dbed0.jpg,0.7551554592168584,0.0406637787818908,0.0813275575637817,0.1336166858673095,0.6666666666666666,0.48333333333333334,0.24333333333333335,0.46444444444444444,content_preservation
B2A_photo_to_monet,0a2e5f728d.jpg,0a2e5f728d.jpg,0.6437160436265418,0.0280137509107589,0.0560275018215179,0.2270852029323578,0.8966666666666666,0.07333333333333333,0.8666666666666667,0.6122222222222222,content_preservation
B2A_photo_to_monet,0a325fc655.jpg,0a325fc655.jpg,0.7003053429020724,0.0530382990837097,0.1060765981674194,0.1981761455535888,0.81,0.7266666666666667,0.78,0.7722222222222221,content_preservation
B2A_photo_to_monet,0a44c8287d.jpg,0a44c8287d.jpg,0.8049411851541378,0.038080945611,0.0761618912220001,0.2056752443313598,0.49333333333333335,0.4,0.8166666666666667,0.57,cycle_lpips
B2A_photo_to_monet,0a49020ae5.jpg,0a49020ae5.jpg,0.7209238491537812,0.0581147968769073,0.1162295937538147,0.1398398280143737,0.7666666666666667,0.8333333333333334,0.3,0.6333333333333334,cycle_l1
B2A_photo_to_monet,0a497f768d.jpg,0a497f768d.jpg,0.8146167013972873,0.05611103028059,0.1122220605611801,0.1347741484642028,0.44,0.7933333333333333,0.25333333333333335,0.4955555555555556,cycle_l1
B2A_photo_to_monet,0a6091114d.jpg,0a6091114d.jpg,0.8225487485707896,0.0235996134579181,0.0471992269158363,0.1460200399160385,0.39,0.03666666666666667,0.37666666666666665,0.2677777777777778,content_preservation
B2A_photo_to_monet,0a6279ef66.jpg,0a6279ef66.jpg,0.765618420937665,0.0446726605296134,0.0893453210592269,0.2256168723106384,0.62,0.5533333333333333,0.86,0.6777777777777777,cycle_lpips
B2A_photo_to_monet,0a6e92d928.jpg,0a6e92d928.jpg,0.776943224083727,0.0486583523452281,0.0973167046904563,0.131279706954956,0.58,0.6333333333333333,0.22,0.4777777777777778,cycle_l1
